2026-05-06 23:14:37,300 [INFO] ============================================================
2026-05-06 23:14:37,300 [INFO] V53 Feature Sweep: n_feat ±3 exploration
2026-05-06 23:14:37,300 [INFO] ============================================================
2026-05-06 23:14:37,604 [INFO]   Train: (450, 153) -> (450, 294), Features: 282
2026-05-06 23:14:37,604 [INFO] 
============================================================
2026-05-06 23:14:37,604 [INFO]   === Q1 ===
/home/mwoo423/.local/lib/python3.12/site-packages/lightgbm/engine.py:172: UserWarning: Found `n_estimators` in params. Will use it instead of argument
  _log_warning(f"Found `{alias}` in params. Will use it instead of argument")
2026-05-06 23:14:37,865 [INFO]   Baseline: cfg=deep, n_feat=20, sweep range=[17, 18, 19, 20, 21, 22, 23]
/home/mwoo423/.local/lib/python3.12/site-packages/lightgbm/engine.py:172: UserWarning: Found `n_estimators` in params. Will use it instead of argument
  _log_warning(f"Found `{alias}` in params. Will use it instead of argument")
/home/mwoo423/.local/lib/python3.12/site-packages/lightgbm/engine.py:172: UserWarning: Found `n_estimators` in params. Will use it instead of argument
  _log_warning(f"Found `{alias}` in params. Will use it instead of argument")
/home/mwoo423/.local/lib/python3.12/site-packages/lightgbm/engine.py:172: UserWarning: Found `n_estimators` in params. Will use it instead of argument
  _log_warning(f"Found `{alias}` in params. Will use it instead of argument")
/home/mwoo423/.local/lib/python3.12/site-packages/lightgbm/engine.py:172: UserWarning: Found `n_estimators` in params. Will use it instead of argument
  _log_warning(f"Found `{alias}` in params. Will use it instead of argument")
/home/mwoo423/.local/lib/python3.12/site-packages/lightgbm/engine.py:172: UserWarning: Found `n_estimators` in params. Will use it instead of argument
  _log_warning(f"Found `{alias}` in params. Will use it instead of argument")
/home/mwoo423/.local/lib/python3.12/site-packages/lightgbm/engine.py:172: UserWarning: Found `n_estimators` in params. Will use it instead of argument
  _log_warning(f"Found `{alias}` in params. Will use it instead of argument")
/home/mwoo423/.local/lib/python3.12/site-packages/lightgbm/engine.py:172: UserWarning: Found `n_estimators` in params. Will use it instead of argument
  _log_warning(f"Found `{alias}` in params. Will use it instead of argument")
/home/mwoo423/.local/lib/python3.12/site-packages/lightgbm/engine.py:172: UserWarning: Found `n_estimators` in params. Will use it instead of argument
  _log_warning(f"Found `{alias}` in params. Will use it instead of argument")
/home/mwoo423/.local/lib/python3.12/site-packages/lightgbm/engine.py:172: UserWarning: Found `n_estimators` in params. Will use it instead of argument
  _log_warning(f"Found `{alias}` in params. Will use it instead of argument")
/home/mwoo423/.local/lib/python3.12/site-packages/lightgbm/engine.py:172: UserWarning: Found `n_estimators` in params. Will use it instead of argument
  _log_warning(f"Found `{alias}` in params. Will use it instead of argument")
/home/mwoo423/.local/lib/python3.12/site-packages/lightgbm/engine.py:172: UserWarning: Found `n_estimators` in params. Will use it instead of argument
  _log_warning(f"Found `{alias}` in params. Will use it instead of argument")
/home/mwoo423/.local/lib/python3.12/site-packages/lightgbm/engine.py:172: UserWarning: Found `n_estimators` in params. Will use it instead of argument
  _log_warning(f"Found `{alias}` in params. Will use it instead of argument")
/home/mwoo423/.local/lib/python3.12/site-packages/lightgbm/engine.py:172: UserWarning: Found `n_estimators` in params. Will use it instead of argument
  _log_warning(f"Found `{alias}` in params. Will use it instead of argument")
/home/mwoo423/.local/lib/python3.12/site-packages/lightgbm/engine.py:172: UserWarning: Found `n_estimators` in params. Will use it instead of argument
  _log_warning(f"Found `{alias}` in params. Will use it instead of argument")
/home/mwoo423/.local/lib/python3.12/site-packages/lightgbm/engine.py:172: UserWarning: Found `n_estimators` in params. Will use it instead of argument
  _log_warning(f"Found `{alias}` in params. Will use it instead of argument")
/home/mwoo423/.local/lib/python3.12/site-packages/lightgbm/engine.py:172: UserWarning: Found `n_estimators` in params. Will use it instead of argument
  _log_warning(f"Found `{alias}` in params. Will use it instead of argument")
/home/mwoo423/.local/lib/python3.12/site-packages/lightgbm/engine.py:172: UserWarning: Found `n_estimators` in params. Will use it instead of argument
  _log_warning(f"Found `{alias}` in params. Will use it instead of argument")
/home/mwoo423/.local/lib/python3.12/site-packages/lightgbm/engine.py:172: UserWarning: Found `n_estimators` in params. Will use it instead of argument
  _log_warning(f"Found `{alias}` in params. Will use it instead of argument")
/home/mwoo423/.local/lib/python3.12/site-packages/lightgbm/engine.py:172: UserWarning: Found `n_estimators` in params. Will use it instead of argument
  _log_warning(f"Found `{alias}` in params. Will use it instead of argument")
/home/mwoo423/.local/lib/python3.12/site-packages/lightgbm/engine.py:172: UserWarning: Found `n_estimators` in params. Will use it instead of argument
  _log_warning(f"Found `{alias}` in params. Will use it instead of argument")
/home/mwoo423/.local/lib/python3.12/site-packages/lightgbm/engine.py:172: UserWarning: Found `n_estimators` in params. Will use it instead of argument
  _log_warning(f"Found `{alias}` in params. Will use it instead of argument")
/home/mwoo423/.local/lib/python3.12/site-packages/lightgbm/engine.py:172: UserWarning: Found `n_estimators` in params. Will use it instead of argument
  _log_warning(f"Found `{alias}` in params. Will use it instead of argument")
/home/mwoo423/.local/lib/python3.12/site-packages/lightgbm/engine.py:172: UserWarning: Found `n_estimators` in params. Will use it instead of argument
  _log_warning(f"Found `{alias}` in params. Will use it instead of argument")
/home/mwoo423/.local/lib/python3.12/site-packages/lightgbm/engine.py:172: UserWarning: Found `n_estimators` in params. Will use it instead of argument
  _log_warning(f"Found `{alias}` in params. Will use it instead of argument")
/home/mwoo423/.local/lib/python3.12/site-packages/lightgbm/engine.py:172: UserWarning: Found `n_estimators` in params. Will use it instead of argument
  _log_warning(f"Found `{alias}` in params. Will use it instead of argument")
2026-05-06 23:14:43,524 [INFO]     n_feat=17: CV logloss=0.6963 ±0.0044 ← BEST
/home/mwoo423/.local/lib/python3.12/site-packages/lightgbm/engine.py:172: UserWarning: Found `n_estimators` in params. Will use it instead of argument
  _log_warning(f"Found `{alias}` in params. Will use it instead of argument")
/home/mwoo423/.local/lib/python3.12/site-packages/lightgbm/engine.py:172: UserWarning: Found `n_estimators` in params. Will use it instead of argument
  _log_warning(f"Found `{alias}` in params. Will use it instead of argument")
/home/mwoo423/.local/lib/python3.12/site-packages/lightgbm/engine.py:172: UserWarning: Found `n_estimators` in params. Will use it instead of argument
  _log_warning(f"Found `{alias}` in params. Will use it instead of argument")
/home/mwoo423/.local/lib/python3.12/site-packages/lightgbm/engine.py:172: UserWarning: Found `n_estimators` in params. Will use it instead of argument
  _log_warning(f"Found `{alias}` in params. Will use it instead of argument")
/home/mwoo423/.local/lib/python3.12/site-packages/lightgbm/engine.py:172: UserWarning: Found `n_estimators` in params. Will use it instead of argument
  _log_warning(f"Found `{alias}` in params. Will use it instead of argument")
/home/mwoo423/.local/lib/python3.12/site-packages/lightgbm/engine.py:172: UserWarning: Found `n_estimators` in params. Will use it instead of argument
  _log_warning(f"Found `{alias}` in params. Will use it instead of argument")
/home/mwoo423/.local/lib/python3.12/site-packages/lightgbm/engine.py:172: UserWarning: Found `n_estimators` in params. Will use it instead of argument
  _log_warning(f"Found `{alias}` in params. Will use it instead of argument")
/home/mwoo423/.local/lib/python3.12/site-packages/lightgbm/engine.py:172: UserWarning: Found `n_estimators` in params. Will use it instead of argument
  _log_warning(f"Found `{alias}` in params. Will use it instead of argument")
/home/mwoo423/.local/lib/python3.12/site-packages/lightgbm/engine.py:172: UserWarning: Found `n_estimators` in params. Will use it instead of argument
  _log_warning(f"Found `{alias}` in params. Will use it instead of argument")
/home/mwoo423/.local/lib/python3.12/site-packages/lightgbm/engine.py:172: UserWarning: Found `n_estimators` in params. Will use it instead of argument
  _log_warning(f"Found `{alias}` in params. Will use it instead of argument")
/home/mwoo423/.local/lib/python3.12/site-packages/lightgbm/engine.py:172: UserWarning: Found `n_estimators` in params. Will use it instead of argument
  _log_warning(f"Found `{alias}` in params. Will use it instead of argument")
/home/mwoo423/.local/lib/python3.12/site-packages/lightgbm/engine.py:172: UserWarning: Found `n_estimators` in params. Will use it instead of argument
  _log_warning(f"Found `{alias}` in params. Will use it instead of argument")
/home/mwoo423/.local/lib/python3.12/site-packages/lightgbm/engine.py:172: UserWarning: Found `n_estimators` in params. Will use it instead of argument
  _log_warning(f"Found `{alias}` in params. Will use it instead of argument")
/home/mwoo423/.local/lib/python3.12/site-packages/lightgbm/engine.py:172: UserWarning: Found `n_estimators` in params. Will use it instead of argument
  _log_warning(f"Found `{alias}` in params. Will use it instead of argument")
/home/mwoo423/.local/lib/python3.12/site-packages/lightgbm/engine.py:172: UserWarning: Found `n_estimators` in params. Will use it instead of argument
  _log_warning(f"Found `{alias}` in params. Will use it instead of argument")
/home/mwoo423/.local/lib/python3.12/site-packages/lightgbm/engine.py:172: UserWarning: Found `n_estimators` in params. Will use it instead of argument
  _log_warning(f"Found `{alias}` in params. Will use it instead of argument")
/home/mwoo423/.local/lib/python3.12/site-packages/lightgbm/engine.py:172: UserWarning: Found `n_estimators` in params. Will use it instead of argument
  _log_warning(f"Found `{alias}` in params. Will use it instead of argument")
/home/mwoo423/.local/lib/python3.12/site-packages/lightgbm/engine.py:172: UserWarning: Found `n_estimators` in params. Will use it instead of argument
  _log_warning(f"Found `{alias}` in params. Will use it instead of argument")
/home/mwoo423/.local/lib/python3.12/site-packages/lightgbm/engine.py:172: UserWarning: Found `n_estimators` in params. Will use it instead of argument
  _log_warning(f"Found `{alias}` in params. Will use it instead of argument")
/home/mwoo423/.local/lib/python3.12/site-packages/lightgbm/engine.py:172: UserWarning: Found `n_estimators` in params. Will use it instead of argument
  _log_warning(f"Found `{alias}` in params. Will use it instead of argument")
/home/mwoo423/.local/lib/python3.12/site-packages/lightgbm/engine.py:172: UserWarning: Found `n_estimators` in params. Will use it instead of argument
  _log_warning(f"Found `{alias}` in params. Will use it instead of argument")
/home/mwoo423/.local/lib/python3.12/site-packages/lightgbm/engine.py:172: UserWarning: Found `n_estimators` in params. Will use it instead of argument
  _log_warning(f"Found `{alias}` in params. Will use it instead of argument")
/home/mwoo423/.local/lib/python3.12/site-packages/lightgbm/engine.py:172: UserWarning: Found `n_estimators` in params. Will use it instead of argument
  _log_warning(f"Found `{alias}` in params. Will use it instead of argument")
/home/mwoo423/.local/lib/python3.12/site-packages/lightgbm/engine.py:172: UserWarning: Found `n_estimators` in params. Will use it instead of argument
  _log_warning(f"Found `{alias}` in params. Will use it instead of argument")
/home/mwoo423/.local/lib/python3.12/site-packages/lightgbm/engine.py:172: UserWarning: Found `n_estimators` in params. Will use it instead of argument
  _log_warning(f"Found `{alias}` in params. Will use it instead of argument")
2026-05-06 23:14:49,367 [INFO]     n_feat=18: CV logloss=0.7061 ±0.0041
/home/mwoo423/.local/lib/python3.12/site-packages/lightgbm/engine.py:172: UserWarning: Found `n_estimators` in params. Will use it instead of argument
  _log_warning(f"Found `{alias}` in params. Will use it instead of argument")
/home/mwoo423/.local/lib/python3.12/site-packages/lightgbm/engine.py:172: UserWarning: Found `n_estimators` in params. Will use it instead of argument
  _log_warning(f"Found `{alias}` in params. Will use it instead of argument")
/home/mwoo423/.local/lib/python3.12/site-packages/lightgbm/engine.py:172: UserWarning: Found `n_estimators` in params. Will use it instead of argument
  _log_warning(f"Found `{alias}` in params. Will use it instead of argument")
/home/mwoo423/.local/lib/python3.12/site-packages/lightgbm/engine.py:172: UserWarning: Found `n_estimators` in params. Will use it instead of argument
  _log_warning(f"Found `{alias}` in params. Will use it instead of argument")
/home/mwoo423/.local/lib/python3.12/site-packages/lightgbm/engine.py:172: UserWarning: Found `n_estimators` in params. Will use it instead of argument
  _log_warning(f"Found `{alias}` in params. Will use it instead of argument")
/home/mwoo423/.local/lib/python3.12/site-packages/lightgbm/engine.py:172: UserWarning: Found `n_estimators` in params. Will use it instead of argument
  _log_warning(f"Found `{alias}` in params. Will use it instead of argument")
/home/mwoo423/.local/lib/python3.12/site-packages/lightgbm/engine.py:172: UserWarning: Found `n_estimators` in params. Will use it instead of argument
  _log_warning(f"Found `{alias}` in params. Will use it instead of argument")
/home/mwoo423/.local/lib/python3.12/site-packages/lightgbm/engine.py:172: UserWarning: Found `n_estimators` in params. Will use it instead of argument
  _log_warning(f"Found `{alias}` in params. Will use it instead of argument")
/home/mwoo423/.local/lib/python3.12/site-packages/lightgbm/engine.py:172: UserWarning: Found `n_estimators` in params. Will use it instead of argument
  _log_warning(f"Found `{alias}` in params. Will use it instead of argument")
/home/mwoo423/.local/lib/python3.12/site-packages/lightgbm/engine.py:172: UserWarning: Found `n_estimators` in params. Will use it instead of argument
  _log_warning(f"Found `{alias}` in params. Will use it instead of argument")
/home/mwoo423/.local/lib/python3.12/site-packages/lightgbm/engine.py:172: UserWarning: Found `n_estimators` in params. Will use it instead of argument
  _log_warning(f"Found `{alias}` in params. Will use it instead of argument")
/home/mwoo423/.local/lib/python3.12/site-packages/lightgbm/engine.py:172: UserWarning: Found `n_estimators` in params. Will use it instead of argument
  _log_warning(f"Found `{alias}` in params. Will use it instead of argument")
/home/mwoo423/.local/lib/python3.12/site-packages/lightgbm/engine.py:172: UserWarning: Found `n_estimators` in params. Will use it instead of argument
  _log_warning(f"Found `{alias}` in params. Will use it instead of argument")
/home/mwoo423/.local/lib/python3.12/site-packages/lightgbm/engine.py:172: UserWarning: Found `n_estimators` in params. Will use it instead of argument
  _log_warning(f"Found `{alias}` in params. Will use it instead of argument")
/home/mwoo423/.local/lib/python3.12/site-packages/lightgbm/engine.py:172: UserWarning: Found `n_estimators` in params. Will use it instead of argument
  _log_warning(f"Found `{alias}` in params. Will use it instead of argument")
/home/mwoo423/.local/lib/python3.12/site-packages/lightgbm/engine.py:172: UserWarning: Found `n_estimators` in params. Will use it instead of argument
  _log_warning(f"Found `{alias}` in params. Will use it instead of argument")
/home/mwoo423/.local/lib/python3.12/site-packages/lightgbm/engine.py:172: UserWarning: Found `n_estimators` in params. Will use it instead of argument
  _log_warning(f"Found `{alias}` in params. Will use it instead of argument")
/home/mwoo423/.local/lib/python3.12/site-packages/lightgbm/engine.py:172: UserWarning: Found `n_estimators` in params. Will use it instead of argument
  _log_warning(f"Found `{alias}` in params. Will use it instead of argument")
/home/mwoo423/.local/lib/python3.12/site-packages/lightgbm/engine.py:172: UserWarning: Found `n_estimators` in params. Will use it instead of argument
  _log_warning(f"Found `{alias}` in params. Will use it instead of argument")
/home/mwoo423/.local/lib/python3.12/site-packages/lightgbm/engine.py:172: UserWarning: Found `n_estimators` in params. Will use it instead of argument
  _log_warning(f"Found `{alias}` in params. Will use it instead of argument")
/home/mwoo423/.local/lib/python3.12/site-packages/lightgbm/engine.py:172: UserWarning: Found `n_estimators` in params. Will use it instead of argument
  _log_warning(f"Found `{alias}` in params. Will use it instead of argument")
/home/mwoo423/.local/lib/python3.12/site-packages/lightgbm/engine.py:172: UserWarning: Found `n_estimators` in params. Will use it instead of argument
  _log_warning(f"Found `{alias}` in params. Will use it instead of argument")
/home/mwoo423/.local/lib/python3.12/site-packages/lightgbm/engine.py:172: UserWarning: Found `n_estimators` in params. Will use it instead of argument
  _log_warning(f"Found `{alias}` in params. Will use it instead of argument")
/home/mwoo423/.local/lib/python3.12/site-packages/lightgbm/engine.py:172: UserWarning: Found `n_estimators` in params. Will use it instead of argument
  _log_warning(f"Found `{alias}` in params. Will use it instead of argument")
/home/mwoo423/.local/lib/python3.12/site-packages/lightgbm/engine.py:172: UserWarning: Found `n_estimators` in params. Will use it instead of argument
  _log_warning(f"Found `{alias}` in params. Will use it instead of argument")
2026-05-06 23:14:55,351 [INFO]     n_feat=19: CV logloss=0.7168 ±0.0036
/home/mwoo423/.local/lib/python3.12/site-packages/lightgbm/engine.py:172: UserWarning: Found `n_estimators` in params. Will use it instead of argument
  _log_warning(f"Found `{alias}` in params. Will use it instead of argument")
/home/mwoo423/.local/lib/python3.12/site-packages/lightgbm/engine.py:172: UserWarning: Found `n_estimators` in params. Will use it instead of argument
  _log_warning(f"Found `{alias}` in params. Will use it instead of argument")
/home/mwoo423/.local/lib/python3.12/site-packages/lightgbm/engine.py:172: UserWarning: Found `n_estimators` in params. Will use it instead of argument
  _log_warning(f"Found `{alias}` in params. Will use it instead of argument")
/home/mwoo423/.local/lib/python3.12/site-packages/lightgbm/engine.py:172: UserWarning: Found `n_estimators` in params. Will use it instead of argument
  _log_warning(f"Found `{alias}` in params. Will use it instead of argument")
/home/mwoo423/.local/lib/python3.12/site-packages/lightgbm/engine.py:172: UserWarning: Found `n_estimators` in params. Will use it instead of argument
  _log_warning(f"Found `{alias}` in params. Will use it instead of argument")
/home/mwoo423/.local/lib/python3.12/site-packages/lightgbm/engine.py:172: UserWarning: Found `n_estimators` in params. Will use it instead of argument
  _log_warning(f"Found `{alias}` in params. Will use it instead of argument")
/home/mwoo423/.local/lib/python3.12/site-packages/lightgbm/engine.py:172: UserWarning: Found `n_estimators` in params. Will use it instead of argument
  _log_warning(f"Found `{alias}` in params. Will use it instead of argument")
/home/mwoo423/.local/lib/python3.12/site-packages/lightgbm/engine.py:172: UserWarning: Found `n_estimators` in params. Will use it instead of argument
  _log_warning(f"Found `{alias}` in params. Will use it instead of argument")
/home/mwoo423/.local/lib/python3.12/site-packages/lightgbm/engine.py:172: UserWarning: Found `n_estimators` in params. Will use it instead of argument
  _log_warning(f"Found `{alias}` in params. Will use it instead of argument")
/home/mwoo423/.local/lib/python3.12/site-packages/lightgbm/engine.py:172: UserWarning: Found `n_estimators` in params. Will use it instead of argument
  _log_warning(f"Found `{alias}` in params. Will use it instead of argument")
/home/mwoo423/.local/lib/python3.12/site-packages/lightgbm/engine.py:172: UserWarning: Found `n_estimators` in params. Will use it instead of argument
  _log_warning(f"Found `{alias}` in params. Will use it instead of argument")
/home/mwoo423/.local/lib/python3.12/site-packages/lightgbm/engine.py:172: UserWarning: Found `n_estimators` in params. Will use it instead of argument
  _log_warning(f"Found `{alias}` in params. Will use it instead of argument")
/home/mwoo423/.local/lib/python3.12/site-packages/lightgbm/engine.py:172: UserWarning: Found `n_estimators` in params. Will use it instead of argument
  _log_warning(f"Found `{alias}` in params. Will use it instead of argument")
/home/mwoo423/.local/lib/python3.12/site-packages/lightgbm/engine.py:172: UserWarning: Found `n_estimators` in params. Will use it instead of argument
  _log_warning(f"Found `{alias}` in params. Will use it instead of argument")
/home/mwoo423/.local/lib/python3.12/site-packages/lightgbm/engine.py:172: UserWarning: Found `n_estimators` in params. Will use it instead of argument
  _log_warning(f"Found `{alias}` in params. Will use it instead of argument")
/home/mwoo423/.local/lib/python3.12/site-packages/lightgbm/engine.py:172: UserWarning: Found `n_estimators` in params. Will use it instead of argument
  _log_warning(f"Found `{alias}` in params. Will use it instead of argument")
/home/mwoo423/.local/lib/python3.12/site-packages/lightgbm/engine.py:172: UserWarning: Found `n_estimators` in params. Will use it instead of argument
  _log_warning(f"Found `{alias}` in params. Will use it instead of argument")
/home/mwoo423/.local/lib/python3.12/site-packages/lightgbm/engine.py:172: UserWarning: Found `n_estimators` in params. Will use it instead of argument
  _log_warning(f"Found `{alias}` in params. Will use it instead of argument")
/home/mwoo423/.local/lib/python3.12/site-packages/lightgbm/engine.py:172: UserWarning: Found `n_estimators` in params. Will use it instead of argument
  _log_warning(f"Found `{alias}` in params. Will use it instead of argument")
/home/mwoo423/.local/lib/python3.12/site-packages/lightgbm/engine.py:172: UserWarning: Found `n_estimators` in params. Will use it instead of argument
  _log_warning(f"Found `{alias}` in params. Will use it instead of argument")
/home/mwoo423/.local/lib/python3.12/site-packages/lightgbm/engine.py:172: UserWarning: Found `n_estimators` in params. Will use it instead of argument
  _log_warning(f"Found `{alias}` in params. Will use it instead of argument")
/home/mwoo423/.local/lib/python3.12/site-packages/lightgbm/engine.py:172: UserWarning: Found `n_estimators` in params. Will use it instead of argument
  _log_warning(f"Found `{alias}` in params. Will use it instead of argument")
/home/mwoo423/.local/lib/python3.12/site-packages/lightgbm/engine.py:172: UserWarning: Found `n_estimators` in params. Will use it instead of argument
  _log_warning(f"Found `{alias}` in params. Will use it instead of argument")
/home/mwoo423/.local/lib/python3.12/site-packages/lightgbm/engine.py:172: UserWarning: Found `n_estimators` in params. Will use it instead of argument
  _log_warning(f"Found `{alias}` in params. Will use it instead of argument")
/home/mwoo423/.local/lib/python3.12/site-packages/lightgbm/engine.py:172: UserWarning: Found `n_estimators` in params. Will use it instead of argument
  _log_warning(f"Found `{alias}` in params. Will use it instead of argument")
2026-05-06 23:15:01,590 [INFO]     n_feat=20: CV logloss=0.7311 ±0.0023
/home/mwoo423/.local/lib/python3.12/site-packages/lightgbm/engine.py:172: UserWarning: Found `n_estimators` in params. Will use it instead of argument
  _log_warning(f"Found `{alias}` in params. Will use it instead of argument")
/home/mwoo423/.local/lib/python3.12/site-packages/lightgbm/engine.py:172: UserWarning: Found `n_estimators` in params. Will use it instead of argument
  _log_warning(f"Found `{alias}` in params. Will use it instead of argument")
/home/mwoo423/.local/lib/python3.12/site-packages/lightgbm/engine.py:172: UserWarning: Found `n_estimators` in params. Will use it instead of argument
  _log_warning(f"Found `{alias}` in params. Will use it instead of argument")
/home/mwoo423/.local/lib/python3.12/site-packages/lightgbm/engine.py:172: UserWarning: Found `n_estimators` in params. Will use it instead of argument
  _log_warning(f"Found `{alias}` in params. Will use it instead of argument")
/home/mwoo423/.local/lib/python3.12/site-packages/lightgbm/engine.py:172: UserWarning: Found `n_estimators` in params. Will use it instead of argument
  _log_warning(f"Found `{alias}` in params. Will use it instead of argument")
/home/mwoo423/.local/lib/python3.12/site-packages/lightgbm/engine.py:172: UserWarning: Found `n_estimators` in params. Will use it instead of argument
  _log_warning(f"Found `{alias}` in params. Will use it instead of argument")
/home/mwoo423/.local/lib/python3.12/site-packages/lightgbm/engine.py:172: UserWarning: Found `n_estimators` in params. Will use it instead of argument
  _log_warning(f"Found `{alias}` in params. Will use it instead of argument")
/home/mwoo423/.local/lib/python3.12/site-packages/lightgbm/engine.py:172: UserWarning: Found `n_estimators` in params. Will use it instead of argument
  _log_warning(f"Found `{alias}` in params. Will use it instead of argument")
/home/mwoo423/.local/lib/python3.12/site-packages/lightgbm/engine.py:172: UserWarning: Found `n_estimators` in params. Will use it instead of argument
  _log_warning(f"Found `{alias}` in params. Will use it instead of argument")
/home/mwoo423/.local/lib/python3.12/site-packages/lightgbm/engine.py:172: UserWarning: Found `n_estimators` in params. Will use it instead of argument
  _log_warning(f"Found `{alias}` in params. Will use it instead of argument")
/home/mwoo423/.local/lib/python3.12/site-packages/lightgbm/engine.py:172: UserWarning: Found `n_estimators` in params. Will use it instead of argument
  _log_warning(f"Found `{alias}` in params. Will use it instead of argument")
/home/mwoo423/.local/lib/python3.12/site-packages/lightgbm/engine.py:172: UserWarning: Found `n_estimators` in params. Will use it instead of argument
  _log_warning(f"Found `{alias}` in params. Will use it instead of argument")
/home/mwoo423/.local/lib/python3.12/site-packages/lightgbm/engine.py:172: UserWarning: Found `n_estimators` in params. Will use it instead of argument
  _log_warning(f"Found `{alias}` in params. Will use it instead of argument")
/home/mwoo423/.local/lib/python3.12/site-packages/lightgbm/engine.py:172: UserWarning: Found `n_estimators` in params. Will use it instead of argument
  _log_warning(f"Found `{alias}` in params. Will use it instead of argument")
/home/mwoo423/.local/lib/python3.12/site-packages/lightgbm/engine.py:172: UserWarning: Found `n_estimators` in params. Will use it instead of argument
  _log_warning(f"Found `{alias}` in params. Will use it instead of argument")
/home/mwoo423/.local/lib/python3.12/site-packages/lightgbm/engine.py:172: UserWarning: Found `n_estimators` in params. Will use it instead of argument
  _log_warning(f"Found `{alias}` in params. Will use it instead of argument")
/home/mwoo423/.local/lib/python3.12/site-packages/lightgbm/engine.py:172: UserWarning: Found `n_estimators` in params. Will use it instead of argument
  _log_warning(f"Found `{alias}` in params. Will use it instead of argument")
/home/mwoo423/.local/lib/python3.12/site-packages/lightgbm/engine.py:172: UserWarning: Found `n_estimators` in params. Will use it instead of argument
  _log_warning(f"Found `{alias}` in params. Will use it instead of argument")
/home/mwoo423/.local/lib/python3.12/site-packages/lightgbm/engine.py:172: UserWarning: Found `n_estimators` in params. Will use it instead of argument
  _log_warning(f"Found `{alias}` in params. Will use it instead of argument")
/home/mwoo423/.local/lib/python3.12/site-packages/lightgbm/engine.py:172: UserWarning: Found `n_estimators` in params. Will use it instead of argument
  _log_warning(f"Found `{alias}` in params. Will use it instead of argument")
/home/mwoo423/.local/lib/python3.12/site-packages/lightgbm/engine.py:172: UserWarning: Found `n_estimators` in params. Will use it instead of argument
  _log_warning(f"Found `{alias}` in params. Will use it instead of argument")
/home/mwoo423/.local/lib/python3.12/site-packages/lightgbm/engine.py:172: UserWarning: Found `n_estimators` in params. Will use it instead of argument
  _log_warning(f"Found `{alias}` in params. Will use it instead of argument")
/home/mwoo423/.local/lib/python3.12/site-packages/lightgbm/engine.py:172: UserWarning: Found `n_estimators` in params. Will use it instead of argument
  _log_warning(f"Found `{alias}` in params. Will use it instead of argument")
/home/mwoo423/.local/lib/python3.12/site-packages/lightgbm/engine.py:172: UserWarning: Found `n_estimators` in params. Will use it instead of argument
  _log_warning(f"Found `{alias}` in params. Will use it instead of argument")
/home/mwoo423/.local/lib/python3.12/site-packages/lightgbm/engine.py:172: UserWarning: Found `n_estimators` in params. Will use it instead of argument
  _log_warning(f"Found `{alias}` in params. Will use it instead of argument")
2026-05-06 23:15:08,053 [INFO]     n_feat=21: CV logloss=0.7479 ±0.0038
/home/mwoo423/.local/lib/python3.12/site-packages/lightgbm/engine.py:172: UserWarning: Found `n_estimators` in params. Will use it instead of argument
  _log_warning(f"Found `{alias}` in params. Will use it instead of argument")
/home/mwoo423/.local/lib/python3.12/site-packages/lightgbm/engine.py:172: UserWarning: Found `n_estimators` in params. Will use it instead of argument
  _log_warning(f"Found `{alias}` in params. Will use it instead of argument")
/home/mwoo423/.local/lib/python3.12/site-packages/lightgbm/engine.py:172: UserWarning: Found `n_estimators` in params. Will use it instead of argument
  _log_warning(f"Found `{alias}` in params. Will use it instead of argument")
/home/mwoo423/.local/lib/python3.12/site-packages/lightgbm/engine.py:172: UserWarning: Found `n_estimators` in params. Will use it instead of argument
  _log_warning(f"Found `{alias}` in params. Will use it instead of argument")
/home/mwoo423/.local/lib/python3.12/site-packages/lightgbm/engine.py:172: UserWarning: Found `n_estimators` in params. Will use it instead of argument
  _log_warning(f"Found `{alias}` in params. Will use it instead of argument")
/home/mwoo423/.local/lib/python3.12/site-packages/lightgbm/engine.py:172: UserWarning: Found `n_estimators` in params. Will use it instead of argument
  _log_warning(f"Found `{alias}` in params. Will use it instead of argument")
/home/mwoo423/.local/lib/python3.12/site-packages/lightgbm/engine.py:172: UserWarning: Found `n_estimators` in params. Will use it instead of argument
  _log_warning(f"Found `{alias}` in params. Will use it instead of argument")
/home/mwoo423/.local/lib/python3.12/site-packages/lightgbm/engine.py:172: UserWarning: Found `n_estimators` in params. Will use it instead of argument
  _log_warning(f"Found `{alias}` in params. Will use it instead of argument")
/home/mwoo423/.local/lib/python3.12/site-packages/lightgbm/engine.py:172: UserWarning: Found `n_estimators` in params. Will use it instead of argument
  _log_warning(f"Found `{alias}` in params. Will use it instead of argument")
/home/mwoo423/.local/lib/python3.12/site-packages/lightgbm/engine.py:172: UserWarning: Found `n_estimators` in params. Will use it instead of argument
  _log_warning(f"Found `{alias}` in params. Will use it instead of argument")
/home/mwoo423/.local/lib/python3.12/site-packages/lightgbm/engine.py:172: UserWarning: Found `n_estimators` in params. Will use it instead of argument
  _log_warning(f"Found `{alias}` in params. Will use it instead of argument")
/home/mwoo423/.local/lib/python3.12/site-packages/lightgbm/engine.py:172: UserWarning: Found `n_estimators` in params. Will use it instead of argument
  _log_warning(f"Found `{alias}` in params. Will use it instead of argument")
/home/mwoo423/.local/lib/python3.12/site-packages/lightgbm/engine.py:172: UserWarning: Found `n_estimators` in params. Will use it instead of argument
  _log_warning(f"Found `{alias}` in params. Will use it instead of argument")
/home/mwoo423/.local/lib/python3.12/site-packages/lightgbm/engine.py:172: UserWarning: Found `n_estimators` in params. Will use it instead of argument
  _log_warning(f"Found `{alias}` in params. Will use it instead of argument")
/home/mwoo423/.local/lib/python3.12/site-packages/lightgbm/engine.py:172: UserWarning: Found `n_estimators` in params. Will use it instead of argument
  _log_warning(f"Found `{alias}` in params. Will use it instead of argument")
/home/mwoo423/.local/lib/python3.12/site-packages/lightgbm/engine.py:172: UserWarning: Found `n_estimators` in params. Will use it instead of argument
  _log_warning(f"Found `{alias}` in params. Will use it instead of argument")
/home/mwoo423/.local/lib/python3.12/site-packages/lightgbm/engine.py:172: UserWarning: Found `n_estimators` in params. Will use it instead of argument
  _log_warning(f"Found `{alias}` in params. Will use it instead of argument")
/home/mwoo423/.local/lib/python3.12/site-packages/lightgbm/engine.py:172: UserWarning: Found `n_estimators` in params. Will use it instead of argument
  _log_warning(f"Found `{alias}` in params. Will use it instead of argument")
/home/mwoo423/.local/lib/python3.12/site-packages/lightgbm/engine.py:172: UserWarning: Found `n_estimators` in params. Will use it instead of argument
  _log_warning(f"Found `{alias}` in params. Will use it instead of argument")
/home/mwoo423/.local/lib/python3.12/site-packages/lightgbm/engine.py:172: UserWarning: Found `n_estimators` in params. Will use it instead of argument
  _log_warning(f"Found `{alias}` in params. Will use it instead of argument")
/home/mwoo423/.local/lib/python3.12/site-packages/lightgbm/engine.py:172: UserWarning: Found `n_estimators` in params. Will use it instead of argument
  _log_warning(f"Found `{alias}` in params. Will use it instead of argument")
/home/mwoo423/.local/lib/python3.12/site-packages/lightgbm/engine.py:172: UserWarning: Found `n_estimators` in params. Will use it instead of argument
  _log_warning(f"Found `{alias}` in params. Will use it instead of argument")
/home/mwoo423/.local/lib/python3.12/site-packages/lightgbm/engine.py:172: UserWarning: Found `n_estimators` in params. Will use it instead of argument
  _log_warning(f"Found `{alias}` in params. Will use it instead of argument")
/home/mwoo423/.local/lib/python3.12/site-packages/lightgbm/engine.py:172: UserWarning: Found `n_estimators` in params. Will use it instead of argument
  _log_warning(f"Found `{alias}` in params. Will use it instead of argument")
/home/mwoo423/.local/lib/python3.12/site-packages/lightgbm/engine.py:172: UserWarning: Found `n_estimators` in params. Will use it instead of argument
  _log_warning(f"Found `{alias}` in params. Will use it instead of argument")
2026-05-06 23:15:14,657 [INFO]     n_feat=22: CV logloss=0.7521 ±0.0026
/home/mwoo423/.local/lib/python3.12/site-packages/lightgbm/engine.py:172: UserWarning: Found `n_estimators` in params. Will use it instead of argument
  _log_warning(f"Found `{alias}` in params. Will use it instead of argument")
/home/mwoo423/.local/lib/python3.12/site-packages/lightgbm/engine.py:172: UserWarning: Found `n_estimators` in params. Will use it instead of argument
  _log_warning(f"Found `{alias}` in params. Will use it instead of argument")
/home/mwoo423/.local/lib/python3.12/site-packages/lightgbm/engine.py:172: UserWarning: Found `n_estimators` in params. Will use it instead of argument
  _log_warning(f"Found `{alias}` in params. Will use it instead of argument")
/home/mwoo423/.local/lib/python3.12/site-packages/lightgbm/engine.py:172: UserWarning: Found `n_estimators` in params. Will use it instead of argument
  _log_warning(f"Found `{alias}` in params. Will use it instead of argument")
/home/mwoo423/.local/lib/python3.12/site-packages/lightgbm/engine.py:172: UserWarning: Found `n_estimators` in params. Will use it instead of argument
  _log_warning(f"Found `{alias}` in params. Will use it instead of argument")
/home/mwoo423/.local/lib/python3.12/site-packages/lightgbm/engine.py:172: UserWarning: Found `n_estimators` in params. Will use it instead of argument
  _log_warning(f"Found `{alias}` in params. Will use it instead of argument")
/home/mwoo423/.local/lib/python3.12/site-packages/lightgbm/engine.py:172: UserWarning: Found `n_estimators` in params. Will use it instead of argument
  _log_warning(f"Found `{alias}` in params. Will use it instead of argument")
/home/mwoo423/.local/lib/python3.12/site-packages/lightgbm/engine.py:172: UserWarning: Found `n_estimators` in params. Will use it instead of argument
  _log_warning(f"Found `{alias}` in params. Will use it instead of argument")
/home/mwoo423/.local/lib/python3.12/site-packages/lightgbm/engine.py:172: UserWarning: Found `n_estimators` in params. Will use it instead of argument
  _log_warning(f"Found `{alias}` in params. Will use it instead of argument")
/home/mwoo423/.local/lib/python3.12/site-packages/lightgbm/engine.py:172: UserWarning: Found `n_estimators` in params. Will use it instead of argument
  _log_warning(f"Found `{alias}` in params. Will use it instead of argument")
/home/mwoo423/.local/lib/python3.12/site-packages/lightgbm/engine.py:172: UserWarning: Found `n_estimators` in params. Will use it instead of argument
  _log_warning(f"Found `{alias}` in params. Will use it instead of argument")
/home/mwoo423/.local/lib/python3.12/site-packages/lightgbm/engine.py:172: UserWarning: Found `n_estimators` in params. Will use it instead of argument
  _log_warning(f"Found `{alias}` in params. Will use it instead of argument")
/home/mwoo423/.local/lib/python3.12/site-packages/lightgbm/engine.py:172: UserWarning: Found `n_estimators` in params. Will use it instead of argument
  _log_warning(f"Found `{alias}` in params. Will use it instead of argument")
/home/mwoo423/.local/lib/python3.12/site-packages/lightgbm/engine.py:172: UserWarning: Found `n_estimators` in params. Will use it instead of argument
  _log_warning(f"Found `{alias}` in params. Will use it instead of argument")
/home/mwoo423/.local/lib/python3.12/site-packages/lightgbm/engine.py:172: UserWarning: Found `n_estimators` in params. Will use it instead of argument
  _log_warning(f"Found `{alias}` in params. Will use it instead of argument")
/home/mwoo423/.local/lib/python3.12/site-packages/lightgbm/engine.py:172: UserWarning: Found `n_estimators` in params. Will use it instead of argument
  _log_warning(f"Found `{alias}` in params. Will use it instead of argument")
/home/mwoo423/.local/lib/python3.12/site-packages/lightgbm/engine.py:172: UserWarning: Found `n_estimators` in params. Will use it instead of argument
  _log_warning(f"Found `{alias}` in params. Will use it instead of argument")
/home/mwoo423/.local/lib/python3.12/site-packages/lightgbm/engine.py:172: UserWarning: Found `n_estimators` in params. Will use it instead of argument
  _log_warning(f"Found `{alias}` in params. Will use it instead of argument")
/home/mwoo423/.local/lib/python3.12/site-packages/lightgbm/engine.py:172: UserWarning: Found `n_estimators` in params. Will use it instead of argument
  _log_warning(f"Found `{alias}` in params. Will use it instead of argument")
/home/mwoo423/.local/lib/python3.12/site-packages/lightgbm/engine.py:172: UserWarning: Found `n_estimators` in params. Will use it instead of argument
  _log_warning(f"Found `{alias}` in params. Will use it instead of argument")
/home/mwoo423/.local/lib/python3.12/site-packages/lightgbm/engine.py:172: UserWarning: Found `n_estimators` in params. Will use it instead of argument
  _log_warning(f"Found `{alias}` in params. Will use it instead of argument")
/home/mwoo423/.local/lib/python3.12/site-packages/lightgbm/engine.py:172: UserWarning: Found `n_estimators` in params. Will use it instead of argument
  _log_warning(f"Found `{alias}` in params. Will use it instead of argument")
/home/mwoo423/.local/lib/python3.12/site-packages/lightgbm/engine.py:172: UserWarning: Found `n_estimators` in params. Will use it instead of argument
  _log_warning(f"Found `{alias}` in params. Will use it instead of argument")
/home/mwoo423/.local/lib/python3.12/site-packages/lightgbm/engine.py:172: UserWarning: Found `n_estimators` in params. Will use it instead of argument
  _log_warning(f"Found `{alias}` in params. Will use it instead of argument")
/home/mwoo423/.local/lib/python3.12/site-packages/lightgbm/engine.py:172: UserWarning: Found `n_estimators` in params. Will use it instead of argument
  _log_warning(f"Found `{alias}` in params. Will use it instead of argument")
2026-05-06 23:15:21,556 [INFO]     n_feat=23: CV logloss=0.7477 ±0.0034
2026-05-06 23:15:21,556 [INFO]   ✅ Q1: best n_feat=17, CV=0.6963
2026-05-06 23:15:21,556 [INFO] 
============================================================
2026-05-06 23:15:21,556 [INFO]   === Q2 ===
/home/mwoo423/.local/lib/python3.12/site-packages/lightgbm/engine.py:172: UserWarning: Found `n_estimators` in params. Will use it instead of argument
  _log_warning(f"Found `{alias}` in params. Will use it instead of argument")
2026-05-06 23:15:21,824 [INFO]   Baseline: cfg=deep, n_feat=15, sweep range=[12, 13, 14, 15, 16, 17, 18]
/home/mwoo423/.local/lib/python3.12/site-packages/lightgbm/engine.py:172: UserWarning: Found `n_estimators` in params. Will use it instead of argument
  _log_warning(f"Found `{alias}` in params. Will use it instead of argument")
/home/mwoo423/.local/lib/python3.12/site-packages/lightgbm/engine.py:172: UserWarning: Found `n_estimators` in params. Will use it instead of argument
  _log_warning(f"Found `{alias}` in params. Will use it instead of argument")
/home/mwoo423/.local/lib/python3.12/site-packages/lightgbm/engine.py:172: UserWarning: Found `n_estimators` in params. Will use it instead of argument
  _log_warning(f"Found `{alias}` in params. Will use it instead of argument")
/home/mwoo423/.local/lib/python3.12/site-packages/lightgbm/engine.py:172: UserWarning: Found `n_estimators` in params. Will use it instead of argument
  _log_warning(f"Found `{alias}` in params. Will use it instead of argument")
/home/mwoo423/.local/lib/python3.12/site-packages/lightgbm/engine.py:172: UserWarning: Found `n_estimators` in params. Will use it instead of argument
  _log_warning(f"Found `{alias}` in params. Will use it instead of argument")
/home/mwoo423/.local/lib/python3.12/site-packages/lightgbm/engine.py:172: UserWarning: Found `n_estimators` in params. Will use it instead of argument
  _log_warning(f"Found `{alias}` in params. Will use it instead of argument")
/home/mwoo423/.local/lib/python3.12/site-packages/lightgbm/engine.py:172: UserWarning: Found `n_estimators` in params. Will use it instead of argument
  _log_warning(f"Found `{alias}` in params. Will use it instead of argument")
/home/mwoo423/.local/lib/python3.12/site-packages/lightgbm/engine.py:172: UserWarning: Found `n_estimators` in params. Will use it instead of argument
  _log_warning(f"Found `{alias}` in params. Will use it instead of argument")
/home/mwoo423/.local/lib/python3.12/site-packages/lightgbm/engine.py:172: UserWarning: Found `n_estimators` in params. Will use it instead of argument
  _log_warning(f"Found `{alias}` in params. Will use it instead of argument")
/home/mwoo423/.local/lib/python3.12/site-packages/lightgbm/engine.py:172: UserWarning: Found `n_estimators` in params. Will use it instead of argument
  _log_warning(f"Found `{alias}` in params. Will use it instead of argument")
/home/mwoo423/.local/lib/python3.12/site-packages/lightgbm/engine.py:172: UserWarning: Found `n_estimators` in params. Will use it instead of argument
  _log_warning(f"Found `{alias}` in params. Will use it instead of argument")
/home/mwoo423/.local/lib/python3.12/site-packages/lightgbm/engine.py:172: UserWarning: Found `n_estimators` in params. Will use it instead of argument
  _log_warning(f"Found `{alias}` in params. Will use it instead of argument")
/home/mwoo423/.local/lib/python3.12/site-packages/lightgbm/engine.py:172: UserWarning: Found `n_estimators` in params. Will use it instead of argument
  _log_warning(f"Found `{alias}` in params. Will use it instead of argument")
/home/mwoo423/.local/lib/python3.12/site-packages/lightgbm/engine.py:172: UserWarning: Found `n_estimators` in params. Will use it instead of argument
  _log_warning(f"Found `{alias}` in params. Will use it instead of argument")
/home/mwoo423/.local/lib/python3.12/site-packages/lightgbm/engine.py:172: UserWarning: Found `n_estimators` in params. Will use it instead of argument
  _log_warning(f"Found `{alias}` in params. Will use it instead of argument")
/home/mwoo423/.local/lib/python3.12/site-packages/lightgbm/engine.py:172: UserWarning: Found `n_estimators` in params. Will use it instead of argument
  _log_warning(f"Found `{alias}` in params. Will use it instead of argument")
/home/mwoo423/.local/lib/python3.12/site-packages/lightgbm/engine.py:172: UserWarning: Found `n_estimators` in params. Will use it instead of argument
  _log_warning(f"Found `{alias}` in params. Will use it instead of argument")
/home/mwoo423/.local/lib/python3.12/site-packages/lightgbm/engine.py:172: UserWarning: Found `n_estimators` in params. Will use it instead of argument
  _log_warning(f"Found `{alias}` in params. Will use it instead of argument")
/home/mwoo423/.local/lib/python3.12/site-packages/lightgbm/engine.py:172: UserWarning: Found `n_estimators` in params. Will use it instead of argument
  _log_warning(f"Found `{alias}` in params. Will use it instead of argument")
/home/mwoo423/.local/lib/python3.12/site-packages/lightgbm/engine.py:172: UserWarning: Found `n_estimators` in params. Will use it instead of argument
  _log_warning(f"Found `{alias}` in params. Will use it instead of argument")
/home/mwoo423/.local/lib/python3.12/site-packages/lightgbm/engine.py:172: UserWarning: Found `n_estimators` in params. Will use it instead of argument
  _log_warning(f"Found `{alias}` in params. Will use it instead of argument")
/home/mwoo423/.local/lib/python3.12/site-packages/lightgbm/engine.py:172: UserWarning: Found `n_estimators` in params. Will use it instead of argument
  _log_warning(f"Found `{alias}` in params. Will use it instead of argument")
/home/mwoo423/.local/lib/python3.12/site-packages/lightgbm/engine.py:172: UserWarning: Found `n_estimators` in params. Will use it instead of argument
  _log_warning(f"Found `{alias}` in params. Will use it instead of argument")
/home/mwoo423/.local/lib/python3.12/site-packages/lightgbm/engine.py:172: UserWarning: Found `n_estimators` in params. Will use it instead of argument
  _log_warning(f"Found `{alias}` in params. Will use it instead of argument")
/home/mwoo423/.local/lib/python3.12/site-packages/lightgbm/engine.py:172: UserWarning: Found `n_estimators` in params. Will use it instead of argument
  _log_warning(f"Found `{alias}` in params. Will use it instead of argument")
2026-05-06 23:15:26,776 [INFO]     n_feat=12: CV logloss=0.6682 ±0.0030 ← BEST
/home/mwoo423/.local/lib/python3.12/site-packages/lightgbm/engine.py:172: UserWarning: Found `n_estimators` in params. Will use it instead of argument
  _log_warning(f"Found `{alias}` in params. Will use it instead of argument")
/home/mwoo423/.local/lib/python3.12/site-packages/lightgbm/engine.py:172: UserWarning: Found `n_estimators` in params. Will use it instead of argument
  _log_warning(f"Found `{alias}` in params. Will use it instead of argument")
/home/mwoo423/.local/lib/python3.12/site-packages/lightgbm/engine.py:172: UserWarning: Found `n_estimators` in params. Will use it instead of argument
  _log_warning(f"Found `{alias}` in params. Will use it instead of argument")
/home/mwoo423/.local/lib/python3.12/site-packages/lightgbm/engine.py:172: UserWarning: Found `n_estimators` in params. Will use it instead of argument
  _log_warning(f"Found `{alias}` in params. Will use it instead of argument")
/home/mwoo423/.local/lib/python3.12/site-packages/lightgbm/engine.py:172: UserWarning: Found `n_estimators` in params. Will use it instead of argument
  _log_warning(f"Found `{alias}` in params. Will use it instead of argument")
/home/mwoo423/.local/lib/python3.12/site-packages/lightgbm/engine.py:172: UserWarning: Found `n_estimators` in params. Will use it instead of argument
  _log_warning(f"Found `{alias}` in params. Will use it instead of argument")
/home/mwoo423/.local/lib/python3.12/site-packages/lightgbm/engine.py:172: UserWarning: Found `n_estimators` in params. Will use it instead of argument
  _log_warning(f"Found `{alias}` in params. Will use it instead of argument")
/home/mwoo423/.local/lib/python3.12/site-packages/lightgbm/engine.py:172: UserWarning: Found `n_estimators` in params. Will use it instead of argument
  _log_warning(f"Found `{alias}` in params. Will use it instead of argument")
/home/mwoo423/.local/lib/python3.12/site-packages/lightgbm/engine.py:172: UserWarning: Found `n_estimators` in params. Will use it instead of argument
  _log_warning(f"Found `{alias}` in params. Will use it instead of argument")
/home/mwoo423/.local/lib/python3.12/site-packages/lightgbm/engine.py:172: UserWarning: Found `n_estimators` in params. Will use it instead of argument
  _log_warning(f"Found `{alias}` in params. Will use it instead of argument")
/home/mwoo423/.local/lib/python3.12/site-packages/lightgbm/engine.py:172: UserWarning: Found `n_estimators` in params. Will use it instead of argument
  _log_warning(f"Found `{alias}` in params. Will use it instead of argument")
/home/mwoo423/.local/lib/python3.12/site-packages/lightgbm/engine.py:172: UserWarning: Found `n_estimators` in params. Will use it instead of argument
  _log_warning(f"Found `{alias}` in params. Will use it instead of argument")
/home/mwoo423/.local/lib/python3.12/site-packages/lightgbm/engine.py:172: UserWarning: Found `n_estimators` in params. Will use it instead of argument
  _log_warning(f"Found `{alias}` in params. Will use it instead of argument")
/home/mwoo423/.local/lib/python3.12/site-packages/lightgbm/engine.py:172: UserWarning: Found `n_estimators` in params. Will use it instead of argument
  _log_warning(f"Found `{alias}` in params. Will use it instead of argument")
/home/mwoo423/.local/lib/python3.12/site-packages/lightgbm/engine.py:172: UserWarning: Found `n_estimators` in params. Will use it instead of argument
  _log_warning(f"Found `{alias}` in params. Will use it instead of argument")
/home/mwoo423/.local/lib/python3.12/site-packages/lightgbm/engine.py:172: UserWarning: Found `n_estimators` in params. Will use it instead of argument
  _log_warning(f"Found `{alias}` in params. Will use it instead of argument")
/home/mwoo423/.local/lib/python3.12/site-packages/lightgbm/engine.py:172: UserWarning: Found `n_estimators` in params. Will use it instead of argument
  _log_warning(f"Found `{alias}` in params. Will use it instead of argument")
/home/mwoo423/.local/lib/python3.12/site-packages/lightgbm/engine.py:172: UserWarning: Found `n_estimators` in params. Will use it instead of argument
  _log_warning(f"Found `{alias}` in params. Will use it instead of argument")
/home/mwoo423/.local/lib/python3.12/site-packages/lightgbm/engine.py:172: UserWarning: Found `n_estimators` in params. Will use it instead of argument
  _log_warning(f"Found `{alias}` in params. Will use it instead of argument")
/home/mwoo423/.local/lib/python3.12/site-packages/lightgbm/engine.py:172: UserWarning: Found `n_estimators` in params. Will use it instead of argument
  _log_warning(f"Found `{alias}` in params. Will use it instead of argument")
/home/mwoo423/.local/lib/python3.12/site-packages/lightgbm/engine.py:172: UserWarning: Found `n_estimators` in params. Will use it instead of argument
  _log_warning(f"Found `{alias}` in params. Will use it instead of argument")
/home/mwoo423/.local/lib/python3.12/site-packages/lightgbm/engine.py:172: UserWarning: Found `n_estimators` in params. Will use it instead of argument
  _log_warning(f"Found `{alias}` in params. Will use it instead of argument")
/home/mwoo423/.local/lib/python3.12/site-packages/lightgbm/engine.py:172: UserWarning: Found `n_estimators` in params. Will use it instead of argument
  _log_warning(f"Found `{alias}` in params. Will use it instead of argument")
/home/mwoo423/.local/lib/python3.12/site-packages/lightgbm/engine.py:172: UserWarning: Found `n_estimators` in params. Will use it instead of argument
  _log_warning(f"Found `{alias}` in params. Will use it instead of argument")
/home/mwoo423/.local/lib/python3.12/site-packages/lightgbm/engine.py:172: UserWarning: Found `n_estimators` in params. Will use it instead of argument
  _log_warning(f"Found `{alias}` in params. Will use it instead of argument")
2026-05-06 23:15:31,890 [INFO]     n_feat=13: CV logloss=0.6589 ±0.0028 ← BEST
/home/mwoo423/.local/lib/python3.12/site-packages/lightgbm/engine.py:172: UserWarning: Found `n_estimators` in params. Will use it instead of argument
  _log_warning(f"Found `{alias}` in params. Will use it instead of argument")
/home/mwoo423/.local/lib/python3.12/site-packages/lightgbm/engine.py:172: UserWarning: Found `n_estimators` in params. Will use it instead of argument
  _log_warning(f"Found `{alias}` in params. Will use it instead of argument")
/home/mwoo423/.local/lib/python3.12/site-packages/lightgbm/engine.py:172: UserWarning: Found `n_estimators` in params. Will use it instead of argument
  _log_warning(f"Found `{alias}` in params. Will use it instead of argument")
/home/mwoo423/.local/lib/python3.12/site-packages/lightgbm/engine.py:172: UserWarning: Found `n_estimators` in params. Will use it instead of argument
  _log_warning(f"Found `{alias}` in params. Will use it instead of argument")
/home/mwoo423/.local/lib/python3.12/site-packages/lightgbm/engine.py:172: UserWarning: Found `n_estimators` in params. Will use it instead of argument
  _log_warning(f"Found `{alias}` in params. Will use it instead of argument")
/home/mwoo423/.local/lib/python3.12/site-packages/lightgbm/engine.py:172: UserWarning: Found `n_estimators` in params. Will use it instead of argument
  _log_warning(f"Found `{alias}` in params. Will use it instead of argument")
/home/mwoo423/.local/lib/python3.12/site-packages/lightgbm/engine.py:172: UserWarning: Found `n_estimators` in params. Will use it instead of argument
  _log_warning(f"Found `{alias}` in params. Will use it instead of argument")
/home/mwoo423/.local/lib/python3.12/site-packages/lightgbm/engine.py:172: UserWarning: Found `n_estimators` in params. Will use it instead of argument
  _log_warning(f"Found `{alias}` in params. Will use it instead of argument")
/home/mwoo423/.local/lib/python3.12/site-packages/lightgbm/engine.py:172: UserWarning: Found `n_estimators` in params. Will use it instead of argument
  _log_warning(f"Found `{alias}` in params. Will use it instead of argument")
/home/mwoo423/.local/lib/python3.12/site-packages/lightgbm/engine.py:172: UserWarning: Found `n_estimators` in params. Will use it instead of argument
  _log_warning(f"Found `{alias}` in params. Will use it instead of argument")
/home/mwoo423/.local/lib/python3.12/site-packages/lightgbm/engine.py:172: UserWarning: Found `n_estimators` in params. Will use it instead of argument
  _log_warning(f"Found `{alias}` in params. Will use it instead of argument")
/home/mwoo423/.local/lib/python3.12/site-packages/lightgbm/engine.py:172: UserWarning: Found `n_estimators` in params. Will use it instead of argument
  _log_warning(f"Found `{alias}` in params. Will use it instead of argument")
/home/mwoo423/.local/lib/python3.12/site-packages/lightgbm/engine.py:172: UserWarning: Found `n_estimators` in params. Will use it instead of argument
  _log_warning(f"Found `{alias}` in params. Will use it instead of argument")
/home/mwoo423/.local/lib/python3.12/site-packages/lightgbm/engine.py:172: UserWarning: Found `n_estimators` in params. Will use it instead of argument
  _log_warning(f"Found `{alias}` in params. Will use it instead of argument")
/home/mwoo423/.local/lib/python3.12/site-packages/lightgbm/engine.py:172: UserWarning: Found `n_estimators` in params. Will use it instead of argument
  _log_warning(f"Found `{alias}` in params. Will use it instead of argument")
/home/mwoo423/.local/lib/python3.12/site-packages/lightgbm/engine.py:172: UserWarning: Found `n_estimators` in params. Will use it instead of argument
  _log_warning(f"Found `{alias}` in params. Will use it instead of argument")
/home/mwoo423/.local/lib/python3.12/site-packages/lightgbm/engine.py:172: UserWarning: Found `n_estimators` in params. Will use it instead of argument
  _log_warning(f"Found `{alias}` in params. Will use it instead of argument")
/home/mwoo423/.local/lib/python3.12/site-packages/lightgbm/engine.py:172: UserWarning: Found `n_estimators` in params. Will use it instead of argument
  _log_warning(f"Found `{alias}` in params. Will use it instead of argument")
/home/mwoo423/.local/lib/python3.12/site-packages/lightgbm/engine.py:172: UserWarning: Found `n_estimators` in params. Will use it instead of argument
  _log_warning(f"Found `{alias}` in params. Will use it instead of argument")
/home/mwoo423/.local/lib/python3.12/site-packages/lightgbm/engine.py:172: UserWarning: Found `n_estimators` in params. Will use it instead of argument
  _log_warning(f"Found `{alias}` in params. Will use it instead of argument")
/home/mwoo423/.local/lib/python3.12/site-packages/lightgbm/engine.py:172: UserWarning: Found `n_estimators` in params. Will use it instead of argument
  _log_warning(f"Found `{alias}` in params. Will use it instead of argument")
/home/mwoo423/.local/lib/python3.12/site-packages/lightgbm/engine.py:172: UserWarning: Found `n_estimators` in params. Will use it instead of argument
  _log_warning(f"Found `{alias}` in params. Will use it instead of argument")
/home/mwoo423/.local/lib/python3.12/site-packages/lightgbm/engine.py:172: UserWarning: Found `n_estimators` in params. Will use it instead of argument
  _log_warning(f"Found `{alias}` in params. Will use it instead of argument")
/home/mwoo423/.local/lib/python3.12/site-packages/lightgbm/engine.py:172: UserWarning: Found `n_estimators` in params. Will use it instead of argument
  _log_warning(f"Found `{alias}` in params. Will use it instead of argument")
/home/mwoo423/.local/lib/python3.12/site-packages/lightgbm/engine.py:172: UserWarning: Found `n_estimators` in params. Will use it instead of argument
  _log_warning(f"Found `{alias}` in params. Will use it instead of argument")
2026-05-06 23:15:37,100 [INFO]     n_feat=14: CV logloss=0.6551 ±0.0029 ← BEST
/home/mwoo423/.local/lib/python3.12/site-packages/lightgbm/engine.py:172: UserWarning: Found `n_estimators` in params. Will use it instead of argument
  _log_warning(f"Found `{alias}` in params. Will use it instead of argument")
/home/mwoo423/.local/lib/python3.12/site-packages/lightgbm/engine.py:172: UserWarning: Found `n_estimators` in params. Will use it instead of argument
  _log_warning(f"Found `{alias}` in params. Will use it instead of argument")
/home/mwoo423/.local/lib/python3.12/site-packages/lightgbm/engine.py:172: UserWarning: Found `n_estimators` in params. Will use it instead of argument
  _log_warning(f"Found `{alias}` in params. Will use it instead of argument")
/home/mwoo423/.local/lib/python3.12/site-packages/lightgbm/engine.py:172: UserWarning: Found `n_estimators` in params. Will use it instead of argument
  _log_warning(f"Found `{alias}` in params. Will use it instead of argument")
/home/mwoo423/.local/lib/python3.12/site-packages/lightgbm/engine.py:172: UserWarning: Found `n_estimators` in params. Will use it instead of argument
  _log_warning(f"Found `{alias}` in params. Will use it instead of argument")
/home/mwoo423/.local/lib/python3.12/site-packages/lightgbm/engine.py:172: UserWarning: Found `n_estimators` in params. Will use it instead of argument
  _log_warning(f"Found `{alias}` in params. Will use it instead of argument")
/home/mwoo423/.local/lib/python3.12/site-packages/lightgbm/engine.py:172: UserWarning: Found `n_estimators` in params. Will use it instead of argument
  _log_warning(f"Found `{alias}` in params. Will use it instead of argument")
/home/mwoo423/.local/lib/python3.12/site-packages/lightgbm/engine.py:172: UserWarning: Found `n_estimators` in params. Will use it instead of argument
  _log_warning(f"Found `{alias}` in params. Will use it instead of argument")
/home/mwoo423/.local/lib/python3.12/site-packages/lightgbm/engine.py:172: UserWarning: Found `n_estimators` in params. Will use it instead of argument
  _log_warning(f"Found `{alias}` in params. Will use it instead of argument")
/home/mwoo423/.local/lib/python3.12/site-packages/lightgbm/engine.py:172: UserWarning: Found `n_estimators` in params. Will use it instead of argument
  _log_warning(f"Found `{alias}` in params. Will use it instead of argument")
/home/mwoo423/.local/lib/python3.12/site-packages/lightgbm/engine.py:172: UserWarning: Found `n_estimators` in params. Will use it instead of argument
  _log_warning(f"Found `{alias}` in params. Will use it instead of argument")
/home/mwoo423/.local/lib/python3.12/site-packages/lightgbm/engine.py:172: UserWarning: Found `n_estimators` in params. Will use it instead of argument
  _log_warning(f"Found `{alias}` in params. Will use it instead of argument")
/home/mwoo423/.local/lib/python3.12/site-packages/lightgbm/engine.py:172: UserWarning: Found `n_estimators` in params. Will use it instead of argument
  _log_warning(f"Found `{alias}` in params. Will use it instead of argument")
/home/mwoo423/.local/lib/python3.12/site-packages/lightgbm/engine.py:172: UserWarning: Found `n_estimators` in params. Will use it instead of argument
  _log_warning(f"Found `{alias}` in params. Will use it instead of argument")
/home/mwoo423/.local/lib/python3.12/site-packages/lightgbm/engine.py:172: UserWarning: Found `n_estimators` in params. Will use it instead of argument
  _log_warning(f"Found `{alias}` in params. Will use it instead of argument")
/home/mwoo423/.local/lib/python3.12/site-packages/lightgbm/engine.py:172: UserWarning: Found `n_estimators` in params. Will use it instead of argument
  _log_warning(f"Found `{alias}` in params. Will use it instead of argument")
/home/mwoo423/.local/lib/python3.12/site-packages/lightgbm/engine.py:172: UserWarning: Found `n_estimators` in params. Will use it instead of argument
  _log_warning(f"Found `{alias}` in params. Will use it instead of argument")
/home/mwoo423/.local/lib/python3.12/site-packages/lightgbm/engine.py:172: UserWarning: Found `n_estimators` in params. Will use it instead of argument
  _log_warning(f"Found `{alias}` in params. Will use it instead of argument")
/home/mwoo423/.local/lib/python3.12/site-packages/lightgbm/engine.py:172: UserWarning: Found `n_estimators` in params. Will use it instead of argument
  _log_warning(f"Found `{alias}` in params. Will use it instead of argument")
/home/mwoo423/.local/lib/python3.12/site-packages/lightgbm/engine.py:172: UserWarning: Found `n_estimators` in params. Will use it instead of argument
  _log_warning(f"Found `{alias}` in params. Will use it instead of argument")
/home/mwoo423/.local/lib/python3.12/site-packages/lightgbm/engine.py:172: UserWarning: Found `n_estimators` in params. Will use it instead of argument
  _log_warning(f"Found `{alias}` in params. Will use it instead of argument")
/home/mwoo423/.local/lib/python3.12/site-packages/lightgbm/engine.py:172: UserWarning: Found `n_estimators` in params. Will use it instead of argument
  _log_warning(f"Found `{alias}` in params. Will use it instead of argument")
/home/mwoo423/.local/lib/python3.12/site-packages/lightgbm/engine.py:172: UserWarning: Found `n_estimators` in params. Will use it instead of argument
  _log_warning(f"Found `{alias}` in params. Will use it instead of argument")
/home/mwoo423/.local/lib/python3.12/site-packages/lightgbm/engine.py:172: UserWarning: Found `n_estimators` in params. Will use it instead of argument
  _log_warning(f"Found `{alias}` in params. Will use it instead of argument")
/home/mwoo423/.local/lib/python3.12/site-packages/lightgbm/engine.py:172: UserWarning: Found `n_estimators` in params. Will use it instead of argument
  _log_warning(f"Found `{alias}` in params. Will use it instead of argument")
2026-05-06 23:15:42,538 [INFO]     n_feat=15: CV logloss=0.6456 ±0.0049 ← BEST
/home/mwoo423/.local/lib/python3.12/site-packages/lightgbm/engine.py:172: UserWarning: Found `n_estimators` in params. Will use it instead of argument
  _log_warning(f"Found `{alias}` in params. Will use it instead of argument")
/home/mwoo423/.local/lib/python3.12/site-packages/lightgbm/engine.py:172: UserWarning: Found `n_estimators` in params. Will use it instead of argument
  _log_warning(f"Found `{alias}` in params. Will use it instead of argument")
/home/mwoo423/.local/lib/python3.12/site-packages/lightgbm/engine.py:172: UserWarning: Found `n_estimators` in params. Will use it instead of argument
  _log_warning(f"Found `{alias}` in params. Will use it instead of argument")
/home/mwoo423/.local/lib/python3.12/site-packages/lightgbm/engine.py:172: UserWarning: Found `n_estimators` in params. Will use it instead of argument
  _log_warning(f"Found `{alias}` in params. Will use it instead of argument")
/home/mwoo423/.local/lib/python3.12/site-packages/lightgbm/engine.py:172: UserWarning: Found `n_estimators` in params. Will use it instead of argument
  _log_warning(f"Found `{alias}` in params. Will use it instead of argument")
/home/mwoo423/.local/lib/python3.12/site-packages/lightgbm/engine.py:172: UserWarning: Found `n_estimators` in params. Will use it instead of argument
  _log_warning(f"Found `{alias}` in params. Will use it instead of argument")
/home/mwoo423/.local/lib/python3.12/site-packages/lightgbm/engine.py:172: UserWarning: Found `n_estimators` in params. Will use it instead of argument
  _log_warning(f"Found `{alias}` in params. Will use it instead of argument")
/home/mwoo423/.local/lib/python3.12/site-packages/lightgbm/engine.py:172: UserWarning: Found `n_estimators` in params. Will use it instead of argument
  _log_warning(f"Found `{alias}` in params. Will use it instead of argument")
/home/mwoo423/.local/lib/python3.12/site-packages/lightgbm/engine.py:172: UserWarning: Found `n_estimators` in params. Will use it instead of argument
  _log_warning(f"Found `{alias}` in params. Will use it instead of argument")
/home/mwoo423/.local/lib/python3.12/site-packages/lightgbm/engine.py:172: UserWarning: Found `n_estimators` in params. Will use it instead of argument
  _log_warning(f"Found `{alias}` in params. Will use it instead of argument")
/home/mwoo423/.local/lib/python3.12/site-packages/lightgbm/engine.py:172: UserWarning: Found `n_estimators` in params. Will use it instead of argument
  _log_warning(f"Found `{alias}` in params. Will use it instead of argument")
/home/mwoo423/.local/lib/python3.12/site-packages/lightgbm/engine.py:172: UserWarning: Found `n_estimators` in params. Will use it instead of argument
  _log_warning(f"Found `{alias}` in params. Will use it instead of argument")
/home/mwoo423/.local/lib/python3.12/site-packages/lightgbm/engine.py:172: UserWarning: Found `n_estimators` in params. Will use it instead of argument
  _log_warning(f"Found `{alias}` in params. Will use it instead of argument")
/home/mwoo423/.local/lib/python3.12/site-packages/lightgbm/engine.py:172: UserWarning: Found `n_estimators` in params. Will use it instead of argument
  _log_warning(f"Found `{alias}` in params. Will use it instead of argument")
/home/mwoo423/.local/lib/python3.12/site-packages/lightgbm/engine.py:172: UserWarning: Found `n_estimators` in params. Will use it instead of argument
  _log_warning(f"Found `{alias}` in params. Will use it instead of argument")
/home/mwoo423/.local/lib/python3.12/site-packages/lightgbm/engine.py:172: UserWarning: Found `n_estimators` in params. Will use it instead of argument
  _log_warning(f"Found `{alias}` in params. Will use it instead of argument")
/home/mwoo423/.local/lib/python3.12/site-packages/lightgbm/engine.py:172: UserWarning: Found `n_estimators` in params. Will use it instead of argument
  _log_warning(f"Found `{alias}` in params. Will use it instead of argument")
/home/mwoo423/.local/lib/python3.12/site-packages/lightgbm/engine.py:172: UserWarning: Found `n_estimators` in params. Will use it instead of argument
  _log_warning(f"Found `{alias}` in params. Will use it instead of argument")
/home/mwoo423/.local/lib/python3.12/site-packages/lightgbm/engine.py:172: UserWarning: Found `n_estimators` in params. Will use it instead of argument
  _log_warning(f"Found `{alias}` in params. Will use it instead of argument")
/home/mwoo423/.local/lib/python3.12/site-packages/lightgbm/engine.py:172: UserWarning: Found `n_estimators` in params. Will use it instead of argument
  _log_warning(f"Found `{alias}` in params. Will use it instead of argument")
/home/mwoo423/.local/lib/python3.12/site-packages/lightgbm/engine.py:172: UserWarning: Found `n_estimators` in params. Will use it instead of argument
  _log_warning(f"Found `{alias}` in params. Will use it instead of argument")
/home/mwoo423/.local/lib/python3.12/site-packages/lightgbm/engine.py:172: UserWarning: Found `n_estimators` in params. Will use it instead of argument
  _log_warning(f"Found `{alias}` in params. Will use it instead of argument")
/home/mwoo423/.local/lib/python3.12/site-packages/lightgbm/engine.py:172: UserWarning: Found `n_estimators` in params. Will use it instead of argument
  _log_warning(f"Found `{alias}` in params. Will use it instead of argument")
/home/mwoo423/.local/lib/python3.12/site-packages/lightgbm/engine.py:172: UserWarning: Found `n_estimators` in params. Will use it instead of argument
  _log_warning(f"Found `{alias}` in params. Will use it instead of argument")
/home/mwoo423/.local/lib/python3.12/site-packages/lightgbm/engine.py:172: UserWarning: Found `n_estimators` in params. Will use it instead of argument
  _log_warning(f"Found `{alias}` in params. Will use it instead of argument")
2026-05-06 23:15:48,242 [INFO]     n_feat=16: CV logloss=0.6381 ±0.0012 ← BEST
/home/mwoo423/.local/lib/python3.12/site-packages/lightgbm/engine.py:172: UserWarning: Found `n_estimators` in params. Will use it instead of argument
  _log_warning(f"Found `{alias}` in params. Will use it instead of argument")
/home/mwoo423/.local/lib/python3.12/site-packages/lightgbm/engine.py:172: UserWarning: Found `n_estimators` in params. Will use it instead of argument
  _log_warning(f"Found `{alias}` in params. Will use it instead of argument")
/home/mwoo423/.local/lib/python3.12/site-packages/lightgbm/engine.py:172: UserWarning: Found `n_estimators` in params. Will use it instead of argument
  _log_warning(f"Found `{alias}` in params. Will use it instead of argument")
/home/mwoo423/.local/lib/python3.12/site-packages/lightgbm/engine.py:172: UserWarning: Found `n_estimators` in params. Will use it instead of argument
  _log_warning(f"Found `{alias}` in params. Will use it instead of argument")
/home/mwoo423/.local/lib/python3.12/site-packages/lightgbm/engine.py:172: UserWarning: Found `n_estimators` in params. Will use it instead of argument
  _log_warning(f"Found `{alias}` in params. Will use it instead of argument")
/home/mwoo423/.local/lib/python3.12/site-packages/lightgbm/engine.py:172: UserWarning: Found `n_estimators` in params. Will use it instead of argument
  _log_warning(f"Found `{alias}` in params. Will use it instead of argument")
/home/mwoo423/.local/lib/python3.12/site-packages/lightgbm/engine.py:172: UserWarning: Found `n_estimators` in params. Will use it instead of argument
  _log_warning(f"Found `{alias}` in params. Will use it instead of argument")
/home/mwoo423/.local/lib/python3.12/site-packages/lightgbm/engine.py:172: UserWarning: Found `n_estimators` in params. Will use it instead of argument
  _log_warning(f"Found `{alias}` in params. Will use it instead of argument")
/home/mwoo423/.local/lib/python3.12/site-packages/lightgbm/engine.py:172: UserWarning: Found `n_estimators` in params. Will use it instead of argument
  _log_warning(f"Found `{alias}` in params. Will use it instead of argument")
/home/mwoo423/.local/lib/python3.12/site-packages/lightgbm/engine.py:172: UserWarning: Found `n_estimators` in params. Will use it instead of argument
  _log_warning(f"Found `{alias}` in params. Will use it instead of argument")
/home/mwoo423/.local/lib/python3.12/site-packages/lightgbm/engine.py:172: UserWarning: Found `n_estimators` in params. Will use it instead of argument
  _log_warning(f"Found `{alias}` in params. Will use it instead of argument")
/home/mwoo423/.local/lib/python3.12/site-packages/lightgbm/engine.py:172: UserWarning: Found `n_estimators` in params. Will use it instead of argument
  _log_warning(f"Found `{alias}` in params. Will use it instead of argument")
/home/mwoo423/.local/lib/python3.12/site-packages/lightgbm/engine.py:172: UserWarning: Found `n_estimators` in params. Will use it instead of argument
  _log_warning(f"Found `{alias}` in params. Will use it instead of argument")
/home/mwoo423/.local/lib/python3.12/site-packages/lightgbm/engine.py:172: UserWarning: Found `n_estimators` in params. Will use it instead of argument
  _log_warning(f"Found `{alias}` in params. Will use it instead of argument")
/home/mwoo423/.local/lib/python3.12/site-packages/lightgbm/engine.py:172: UserWarning: Found `n_estimators` in params. Will use it instead of argument
  _log_warning(f"Found `{alias}` in params. Will use it instead of argument")
/home/mwoo423/.local/lib/python3.12/site-packages/lightgbm/engine.py:172: UserWarning: Found `n_estimators` in params. Will use it instead of argument
  _log_warning(f"Found `{alias}` in params. Will use it instead of argument")
/home/mwoo423/.local/lib/python3.12/site-packages/lightgbm/engine.py:172: UserWarning: Found `n_estimators` in params. Will use it instead of argument
  _log_warning(f"Found `{alias}` in params. Will use it instead of argument")
/home/mwoo423/.local/lib/python3.12/site-packages/lightgbm/engine.py:172: UserWarning: Found `n_estimators` in params. Will use it instead of argument
  _log_warning(f"Found `{alias}` in params. Will use it instead of argument")
/home/mwoo423/.local/lib/python3.12/site-packages/lightgbm/engine.py:172: UserWarning: Found `n_estimators` in params. Will use it instead of argument
  _log_warning(f"Found `{alias}` in params. Will use it instead of argument")
/home/mwoo423/.local/lib/python3.12/site-packages/lightgbm/engine.py:172: UserWarning: Found `n_estimators` in params. Will use it instead of argument
  _log_warning(f"Found `{alias}` in params. Will use it instead of argument")
/home/mwoo423/.local/lib/python3.12/site-packages/lightgbm/engine.py:172: UserWarning: Found `n_estimators` in params. Will use it instead of argument
  _log_warning(f"Found `{alias}` in params. Will use it instead of argument")
/home/mwoo423/.local/lib/python3.12/site-packages/lightgbm/engine.py:172: UserWarning: Found `n_estimators` in params. Will use it instead of argument
  _log_warning(f"Found `{alias}` in params. Will use it instead of argument")
/home/mwoo423/.local/lib/python3.12/site-packages/lightgbm/engine.py:172: UserWarning: Found `n_estimators` in params. Will use it instead of argument
  _log_warning(f"Found `{alias}` in params. Will use it instead of argument")
/home/mwoo423/.local/lib/python3.12/site-packages/lightgbm/engine.py:172: UserWarning: Found `n_estimators` in params. Will use it instead of argument
  _log_warning(f"Found `{alias}` in params. Will use it instead of argument")
/home/mwoo423/.local/lib/python3.12/site-packages/lightgbm/engine.py:172: UserWarning: Found `n_estimators` in params. Will use it instead of argument
  _log_warning(f"Found `{alias}` in params. Will use it instead of argument")
2026-05-06 23:15:54,038 [INFO]     n_feat=17: CV logloss=0.6350 ±0.0033 ← BEST
/home/mwoo423/.local/lib/python3.12/site-packages/lightgbm/engine.py:172: UserWarning: Found `n_estimators` in params. Will use it instead of argument
  _log_warning(f"Found `{alias}` in params. Will use it instead of argument")
/home/mwoo423/.local/lib/python3.12/site-packages/lightgbm/engine.py:172: UserWarning: Found `n_estimators` in params. Will use it instead of argument
  _log_warning(f"Found `{alias}` in params. Will use it instead of argument")
/home/mwoo423/.local/lib/python3.12/site-packages/lightgbm/engine.py:172: UserWarning: Found `n_estimators` in params. Will use it instead of argument
  _log_warning(f"Found `{alias}` in params. Will use it instead of argument")
/home/mwoo423/.local/lib/python3.12/site-packages/lightgbm/engine.py:172: UserWarning: Found `n_estimators` in params. Will use it instead of argument
  _log_warning(f"Found `{alias}` in params. Will use it instead of argument")
/home/mwoo423/.local/lib/python3.12/site-packages/lightgbm/engine.py:172: UserWarning: Found `n_estimators` in params. Will use it instead of argument
  _log_warning(f"Found `{alias}` in params. Will use it instead of argument")
/home/mwoo423/.local/lib/python3.12/site-packages/lightgbm/engine.py:172: UserWarning: Found `n_estimators` in params. Will use it instead of argument
  _log_warning(f"Found `{alias}` in params. Will use it instead of argument")
/home/mwoo423/.local/lib/python3.12/site-packages/lightgbm/engine.py:172: UserWarning: Found `n_estimators` in params. Will use it instead of argument
  _log_warning(f"Found `{alias}` in params. Will use it instead of argument")
/home/mwoo423/.local/lib/python3.12/site-packages/lightgbm/engine.py:172: UserWarning: Found `n_estimators` in params. Will use it instead of argument
  _log_warning(f"Found `{alias}` in params. Will use it instead of argument")
/home/mwoo423/.local/lib/python3.12/site-packages/lightgbm/engine.py:172: UserWarning: Found `n_estimators` in params. Will use it instead of argument
  _log_warning(f"Found `{alias}` in params. Will use it instead of argument")
/home/mwoo423/.local/lib/python3.12/site-packages/lightgbm/engine.py:172: UserWarning: Found `n_estimators` in params. Will use it instead of argument
  _log_warning(f"Found `{alias}` in params. Will use it instead of argument")
/home/mwoo423/.local/lib/python3.12/site-packages/lightgbm/engine.py:172: UserWarning: Found `n_estimators` in params. Will use it instead of argument
  _log_warning(f"Found `{alias}` in params. Will use it instead of argument")
/home/mwoo423/.local/lib/python3.12/site-packages/lightgbm/engine.py:172: UserWarning: Found `n_estimators` in params. Will use it instead of argument
  _log_warning(f"Found `{alias}` in params. Will use it instead of argument")
/home/mwoo423/.local/lib/python3.12/site-packages/lightgbm/engine.py:172: UserWarning: Found `n_estimators` in params. Will use it instead of argument
  _log_warning(f"Found `{alias}` in params. Will use it instead of argument")
/home/mwoo423/.local/lib/python3.12/site-packages/lightgbm/engine.py:172: UserWarning: Found `n_estimators` in params. Will use it instead of argument
  _log_warning(f"Found `{alias}` in params. Will use it instead of argument")
/home/mwoo423/.local/lib/python3.12/site-packages/lightgbm/engine.py:172: UserWarning: Found `n_estimators` in params. Will use it instead of argument
  _log_warning(f"Found `{alias}` in params. Will use it instead of argument")
/home/mwoo423/.local/lib/python3.12/site-packages/lightgbm/engine.py:172: UserWarning: Found `n_estimators` in params. Will use it instead of argument
  _log_warning(f"Found `{alias}` in params. Will use it instead of argument")
/home/mwoo423/.local/lib/python3.12/site-packages/lightgbm/engine.py:172: UserWarning: Found `n_estimators` in params. Will use it instead of argument
  _log_warning(f"Found `{alias}` in params. Will use it instead of argument")
/home/mwoo423/.local/lib/python3.12/site-packages/lightgbm/engine.py:172: UserWarning: Found `n_estimators` in params. Will use it instead of argument
  _log_warning(f"Found `{alias}` in params. Will use it instead of argument")
/home/mwoo423/.local/lib/python3.12/site-packages/lightgbm/engine.py:172: UserWarning: Found `n_estimators` in params. Will use it instead of argument
  _log_warning(f"Found `{alias}` in params. Will use it instead of argument")
/home/mwoo423/.local/lib/python3.12/site-packages/lightgbm/engine.py:172: UserWarning: Found `n_estimators` in params. Will use it instead of argument
  _log_warning(f"Found `{alias}` in params. Will use it instead of argument")
/home/mwoo423/.local/lib/python3.12/site-packages/lightgbm/engine.py:172: UserWarning: Found `n_estimators` in params. Will use it instead of argument
  _log_warning(f"Found `{alias}` in params. Will use it instead of argument")
/home/mwoo423/.local/lib/python3.12/site-packages/lightgbm/engine.py:172: UserWarning: Found `n_estimators` in params. Will use it instead of argument
  _log_warning(f"Found `{alias}` in params. Will use it instead of argument")
/home/mwoo423/.local/lib/python3.12/site-packages/lightgbm/engine.py:172: UserWarning: Found `n_estimators` in params. Will use it instead of argument
  _log_warning(f"Found `{alias}` in params. Will use it instead of argument")
/home/mwoo423/.local/lib/python3.12/site-packages/lightgbm/engine.py:172: UserWarning: Found `n_estimators` in params. Will use it instead of argument
  _log_warning(f"Found `{alias}` in params. Will use it instead of argument")
/home/mwoo423/.local/lib/python3.12/site-packages/lightgbm/engine.py:172: UserWarning: Found `n_estimators` in params. Will use it instead of argument
  _log_warning(f"Found `{alias}` in params. Will use it instead of argument")
2026-05-06 23:16:00,073 [INFO]     n_feat=18: CV logloss=0.6400 ±0.0024
2026-05-06 23:16:00,074 [INFO]   ✅ Q2: best n_feat=17, CV=0.6350
2026-05-06 23:16:00,074 [INFO] 
============================================================
2026-05-06 23:16:00,074 [INFO]   === Q3 ===
/home/mwoo423/.local/lib/python3.12/site-packages/lightgbm/engine.py:172: UserWarning: Found `n_estimators` in params. Will use it instead of argument
  _log_warning(f"Found `{alias}` in params. Will use it instead of argument")
2026-05-06 23:16:00,342 [INFO]   Baseline: cfg=v48, n_feat=8, sweep range=[5, 6, 7, 8, 9, 10, 11]
/home/mwoo423/.local/lib/python3.12/site-packages/lightgbm/engine.py:172: UserWarning: Found `n_estimators` in params. Will use it instead of argument
  _log_warning(f"Found `{alias}` in params. Will use it instead of argument")
/home/mwoo423/.local/lib/python3.12/site-packages/lightgbm/engine.py:172: UserWarning: Found `n_estimators` in params. Will use it instead of argument
  _log_warning(f"Found `{alias}` in params. Will use it instead of argument")
/home/mwoo423/.local/lib/python3.12/site-packages/lightgbm/engine.py:172: UserWarning: Found `n_estimators` in params. Will use it instead of argument
  _log_warning(f"Found `{alias}` in params. Will use it instead of argument")
/home/mwoo423/.local/lib/python3.12/site-packages/lightgbm/engine.py:172: UserWarning: Found `n_estimators` in params. Will use it instead of argument
  _log_warning(f"Found `{alias}` in params. Will use it instead of argument")
/home/mwoo423/.local/lib/python3.12/site-packages/lightgbm/engine.py:172: UserWarning: Found `n_estimators` in params. Will use it instead of argument
  _log_warning(f"Found `{alias}` in params. Will use it instead of argument")
/home/mwoo423/.local/lib/python3.12/site-packages/lightgbm/engine.py:172: UserWarning: Found `n_estimators` in params. Will use it instead of argument
  _log_warning(f"Found `{alias}` in params. Will use it instead of argument")
/home/mwoo423/.local/lib/python3.12/site-packages/lightgbm/engine.py:172: UserWarning: Found `n_estimators` in params. Will use it instead of argument
  _log_warning(f"Found `{alias}` in params. Will use it instead of argument")
/home/mwoo423/.local/lib/python3.12/site-packages/lightgbm/engine.py:172: UserWarning: Found `n_estimators` in params. Will use it instead of argument
  _log_warning(f"Found `{alias}` in params. Will use it instead of argument")
/home/mwoo423/.local/lib/python3.12/site-packages/lightgbm/engine.py:172: UserWarning: Found `n_estimators` in params. Will use it instead of argument
  _log_warning(f"Found `{alias}` in params. Will use it instead of argument")
/home/mwoo423/.local/lib/python3.12/site-packages/lightgbm/engine.py:172: UserWarning: Found `n_estimators` in params. Will use it instead of argument
  _log_warning(f"Found `{alias}` in params. Will use it instead of argument")
/home/mwoo423/.local/lib/python3.12/site-packages/lightgbm/engine.py:172: UserWarning: Found `n_estimators` in params. Will use it instead of argument
  _log_warning(f"Found `{alias}` in params. Will use it instead of argument")
/home/mwoo423/.local/lib/python3.12/site-packages/lightgbm/engine.py:172: UserWarning: Found `n_estimators` in params. Will use it instead of argument
  _log_warning(f"Found `{alias}` in params. Will use it instead of argument")
/home/mwoo423/.local/lib/python3.12/site-packages/lightgbm/engine.py:172: UserWarning: Found `n_estimators` in params. Will use it instead of argument
  _log_warning(f"Found `{alias}` in params. Will use it instead of argument")
/home/mwoo423/.local/lib/python3.12/site-packages/lightgbm/engine.py:172: UserWarning: Found `n_estimators` in params. Will use it instead of argument
  _log_warning(f"Found `{alias}` in params. Will use it instead of argument")
/home/mwoo423/.local/lib/python3.12/site-packages/lightgbm/engine.py:172: UserWarning: Found `n_estimators` in params. Will use it instead of argument
  _log_warning(f"Found `{alias}` in params. Will use it instead of argument")
/home/mwoo423/.local/lib/python3.12/site-packages/lightgbm/engine.py:172: UserWarning: Found `n_estimators` in params. Will use it instead of argument
  _log_warning(f"Found `{alias}` in params. Will use it instead of argument")
/home/mwoo423/.local/lib/python3.12/site-packages/lightgbm/engine.py:172: UserWarning: Found `n_estimators` in params. Will use it instead of argument
  _log_warning(f"Found `{alias}` in params. Will use it instead of argument")
/home/mwoo423/.local/lib/python3.12/site-packages/lightgbm/engine.py:172: UserWarning: Found `n_estimators` in params. Will use it instead of argument
  _log_warning(f"Found `{alias}` in params. Will use it instead of argument")
/home/mwoo423/.local/lib/python3.12/site-packages/lightgbm/engine.py:172: UserWarning: Found `n_estimators` in params. Will use it instead of argument
  _log_warning(f"Found `{alias}` in params. Will use it instead of argument")
/home/mwoo423/.local/lib/python3.12/site-packages/lightgbm/engine.py:172: UserWarning: Found `n_estimators` in params. Will use it instead of argument
  _log_warning(f"Found `{alias}` in params. Will use it instead of argument")
/home/mwoo423/.local/lib/python3.12/site-packages/lightgbm/engine.py:172: UserWarning: Found `n_estimators` in params. Will use it instead of argument
  _log_warning(f"Found `{alias}` in params. Will use it instead of argument")
/home/mwoo423/.local/lib/python3.12/site-packages/lightgbm/engine.py:172: UserWarning: Found `n_estimators` in params. Will use it instead of argument
  _log_warning(f"Found `{alias}` in params. Will use it instead of argument")
/home/mwoo423/.local/lib/python3.12/site-packages/lightgbm/engine.py:172: UserWarning: Found `n_estimators` in params. Will use it instead of argument
  _log_warning(f"Found `{alias}` in params. Will use it instead of argument")
/home/mwoo423/.local/lib/python3.12/site-packages/lightgbm/engine.py:172: UserWarning: Found `n_estimators` in params. Will use it instead of argument
  _log_warning(f"Found `{alias}` in params. Will use it instead of argument")
/home/mwoo423/.local/lib/python3.12/site-packages/lightgbm/engine.py:172: UserWarning: Found `n_estimators` in params. Will use it instead of argument
  _log_warning(f"Found `{alias}` in params. Will use it instead of argument")
2026-05-06 23:16:02,181 [INFO]     n_feat= 5: CV logloss=0.6925 ±0.0028 ← BEST
/home/mwoo423/.local/lib/python3.12/site-packages/lightgbm/engine.py:172: UserWarning: Found `n_estimators` in params. Will use it instead of argument
  _log_warning(f"Found `{alias}` in params. Will use it instead of argument")
/home/mwoo423/.local/lib/python3.12/site-packages/lightgbm/engine.py:172: UserWarning: Found `n_estimators` in params. Will use it instead of argument
  _log_warning(f"Found `{alias}` in params. Will use it instead of argument")
/home/mwoo423/.local/lib/python3.12/site-packages/lightgbm/engine.py:172: UserWarning: Found `n_estimators` in params. Will use it instead of argument
  _log_warning(f"Found `{alias}` in params. Will use it instead of argument")
/home/mwoo423/.local/lib/python3.12/site-packages/lightgbm/engine.py:172: UserWarning: Found `n_estimators` in params. Will use it instead of argument
  _log_warning(f"Found `{alias}` in params. Will use it instead of argument")
/home/mwoo423/.local/lib/python3.12/site-packages/lightgbm/engine.py:172: UserWarning: Found `n_estimators` in params. Will use it instead of argument
  _log_warning(f"Found `{alias}` in params. Will use it instead of argument")
/home/mwoo423/.local/lib/python3.12/site-packages/lightgbm/engine.py:172: UserWarning: Found `n_estimators` in params. Will use it instead of argument
  _log_warning(f"Found `{alias}` in params. Will use it instead of argument")
/home/mwoo423/.local/lib/python3.12/site-packages/lightgbm/engine.py:172: UserWarning: Found `n_estimators` in params. Will use it instead of argument
  _log_warning(f"Found `{alias}` in params. Will use it instead of argument")
/home/mwoo423/.local/lib/python3.12/site-packages/lightgbm/engine.py:172: UserWarning: Found `n_estimators` in params. Will use it instead of argument
  _log_warning(f"Found `{alias}` in params. Will use it instead of argument")
/home/mwoo423/.local/lib/python3.12/site-packages/lightgbm/engine.py:172: UserWarning: Found `n_estimators` in params. Will use it instead of argument
  _log_warning(f"Found `{alias}` in params. Will use it instead of argument")
/home/mwoo423/.local/lib/python3.12/site-packages/lightgbm/engine.py:172: UserWarning: Found `n_estimators` in params. Will use it instead of argument
  _log_warning(f"Found `{alias}` in params. Will use it instead of argument")
/home/mwoo423/.local/lib/python3.12/site-packages/lightgbm/engine.py:172: UserWarning: Found `n_estimators` in params. Will use it instead of argument
  _log_warning(f"Found `{alias}` in params. Will use it instead of argument")
/home/mwoo423/.local/lib/python3.12/site-packages/lightgbm/engine.py:172: UserWarning: Found `n_estimators` in params. Will use it instead of argument
  _log_warning(f"Found `{alias}` in params. Will use it instead of argument")
/home/mwoo423/.local/lib/python3.12/site-packages/lightgbm/engine.py:172: UserWarning: Found `n_estimators` in params. Will use it instead of argument
  _log_warning(f"Found `{alias}` in params. Will use it instead of argument")
/home/mwoo423/.local/lib/python3.12/site-packages/lightgbm/engine.py:172: UserWarning: Found `n_estimators` in params. Will use it instead of argument
  _log_warning(f"Found `{alias}` in params. Will use it instead of argument")
/home/mwoo423/.local/lib/python3.12/site-packages/lightgbm/engine.py:172: UserWarning: Found `n_estimators` in params. Will use it instead of argument
  _log_warning(f"Found `{alias}` in params. Will use it instead of argument")
/home/mwoo423/.local/lib/python3.12/site-packages/lightgbm/engine.py:172: UserWarning: Found `n_estimators` in params. Will use it instead of argument
  _log_warning(f"Found `{alias}` in params. Will use it instead of argument")
/home/mwoo423/.local/lib/python3.12/site-packages/lightgbm/engine.py:172: UserWarning: Found `n_estimators` in params. Will use it instead of argument
  _log_warning(f"Found `{alias}` in params. Will use it instead of argument")
/home/mwoo423/.local/lib/python3.12/site-packages/lightgbm/engine.py:172: UserWarning: Found `n_estimators` in params. Will use it instead of argument
  _log_warning(f"Found `{alias}` in params. Will use it instead of argument")
/home/mwoo423/.local/lib/python3.12/site-packages/lightgbm/engine.py:172: UserWarning: Found `n_estimators` in params. Will use it instead of argument
  _log_warning(f"Found `{alias}` in params. Will use it instead of argument")
/home/mwoo423/.local/lib/python3.12/site-packages/lightgbm/engine.py:172: UserWarning: Found `n_estimators` in params. Will use it instead of argument
  _log_warning(f"Found `{alias}` in params. Will use it instead of argument")
/home/mwoo423/.local/lib/python3.12/site-packages/lightgbm/engine.py:172: UserWarning: Found `n_estimators` in params. Will use it instead of argument
  _log_warning(f"Found `{alias}` in params. Will use it instead of argument")
/home/mwoo423/.local/lib/python3.12/site-packages/lightgbm/engine.py:172: UserWarning: Found `n_estimators` in params. Will use it instead of argument
  _log_warning(f"Found `{alias}` in params. Will use it instead of argument")
/home/mwoo423/.local/lib/python3.12/site-packages/lightgbm/engine.py:172: UserWarning: Found `n_estimators` in params. Will use it instead of argument
  _log_warning(f"Found `{alias}` in params. Will use it instead of argument")
/home/mwoo423/.local/lib/python3.12/site-packages/lightgbm/engine.py:172: UserWarning: Found `n_estimators` in params. Will use it instead of argument
  _log_warning(f"Found `{alias}` in params. Will use it instead of argument")
/home/mwoo423/.local/lib/python3.12/site-packages/lightgbm/engine.py:172: UserWarning: Found `n_estimators` in params. Will use it instead of argument
  _log_warning(f"Found `{alias}` in params. Will use it instead of argument")
2026-05-06 23:16:04,016 [INFO]     n_feat= 6: CV logloss=0.6870 ±0.0020 ← BEST
/home/mwoo423/.local/lib/python3.12/site-packages/lightgbm/engine.py:172: UserWarning: Found `n_estimators` in params. Will use it instead of argument
  _log_warning(f"Found `{alias}` in params. Will use it instead of argument")
/home/mwoo423/.local/lib/python3.12/site-packages/lightgbm/engine.py:172: UserWarning: Found `n_estimators` in params. Will use it instead of argument
  _log_warning(f"Found `{alias}` in params. Will use it instead of argument")
/home/mwoo423/.local/lib/python3.12/site-packages/lightgbm/engine.py:172: UserWarning: Found `n_estimators` in params. Will use it instead of argument
  _log_warning(f"Found `{alias}` in params. Will use it instead of argument")
/home/mwoo423/.local/lib/python3.12/site-packages/lightgbm/engine.py:172: UserWarning: Found `n_estimators` in params. Will use it instead of argument
  _log_warning(f"Found `{alias}` in params. Will use it instead of argument")
/home/mwoo423/.local/lib/python3.12/site-packages/lightgbm/engine.py:172: UserWarning: Found `n_estimators` in params. Will use it instead of argument
  _log_warning(f"Found `{alias}` in params. Will use it instead of argument")
/home/mwoo423/.local/lib/python3.12/site-packages/lightgbm/engine.py:172: UserWarning: Found `n_estimators` in params. Will use it instead of argument
  _log_warning(f"Found `{alias}` in params. Will use it instead of argument")
/home/mwoo423/.local/lib/python3.12/site-packages/lightgbm/engine.py:172: UserWarning: Found `n_estimators` in params. Will use it instead of argument
  _log_warning(f"Found `{alias}` in params. Will use it instead of argument")
/home/mwoo423/.local/lib/python3.12/site-packages/lightgbm/engine.py:172: UserWarning: Found `n_estimators` in params. Will use it instead of argument
  _log_warning(f"Found `{alias}` in params. Will use it instead of argument")
/home/mwoo423/.local/lib/python3.12/site-packages/lightgbm/engine.py:172: UserWarning: Found `n_estimators` in params. Will use it instead of argument
  _log_warning(f"Found `{alias}` in params. Will use it instead of argument")
/home/mwoo423/.local/lib/python3.12/site-packages/lightgbm/engine.py:172: UserWarning: Found `n_estimators` in params. Will use it instead of argument
  _log_warning(f"Found `{alias}` in params. Will use it instead of argument")
/home/mwoo423/.local/lib/python3.12/site-packages/lightgbm/engine.py:172: UserWarning: Found `n_estimators` in params. Will use it instead of argument
  _log_warning(f"Found `{alias}` in params. Will use it instead of argument")
/home/mwoo423/.local/lib/python3.12/site-packages/lightgbm/engine.py:172: UserWarning: Found `n_estimators` in params. Will use it instead of argument
  _log_warning(f"Found `{alias}` in params. Will use it instead of argument")
/home/mwoo423/.local/lib/python3.12/site-packages/lightgbm/engine.py:172: UserWarning: Found `n_estimators` in params. Will use it instead of argument
  _log_warning(f"Found `{alias}` in params. Will use it instead of argument")
/home/mwoo423/.local/lib/python3.12/site-packages/lightgbm/engine.py:172: UserWarning: Found `n_estimators` in params. Will use it instead of argument
  _log_warning(f"Found `{alias}` in params. Will use it instead of argument")
/home/mwoo423/.local/lib/python3.12/site-packages/lightgbm/engine.py:172: UserWarning: Found `n_estimators` in params. Will use it instead of argument
  _log_warning(f"Found `{alias}` in params. Will use it instead of argument")
/home/mwoo423/.local/lib/python3.12/site-packages/lightgbm/engine.py:172: UserWarning: Found `n_estimators` in params. Will use it instead of argument
  _log_warning(f"Found `{alias}` in params. Will use it instead of argument")
/home/mwoo423/.local/lib/python3.12/site-packages/lightgbm/engine.py:172: UserWarning: Found `n_estimators` in params. Will use it instead of argument
  _log_warning(f"Found `{alias}` in params. Will use it instead of argument")
/home/mwoo423/.local/lib/python3.12/site-packages/lightgbm/engine.py:172: UserWarning: Found `n_estimators` in params. Will use it instead of argument
  _log_warning(f"Found `{alias}` in params. Will use it instead of argument")
/home/mwoo423/.local/lib/python3.12/site-packages/lightgbm/engine.py:172: UserWarning: Found `n_estimators` in params. Will use it instead of argument
  _log_warning(f"Found `{alias}` in params. Will use it instead of argument")
/home/mwoo423/.local/lib/python3.12/site-packages/lightgbm/engine.py:172: UserWarning: Found `n_estimators` in params. Will use it instead of argument
  _log_warning(f"Found `{alias}` in params. Will use it instead of argument")
/home/mwoo423/.local/lib/python3.12/site-packages/lightgbm/engine.py:172: UserWarning: Found `n_estimators` in params. Will use it instead of argument
  _log_warning(f"Found `{alias}` in params. Will use it instead of argument")
/home/mwoo423/.local/lib/python3.12/site-packages/lightgbm/engine.py:172: UserWarning: Found `n_estimators` in params. Will use it instead of argument
  _log_warning(f"Found `{alias}` in params. Will use it instead of argument")
/home/mwoo423/.local/lib/python3.12/site-packages/lightgbm/engine.py:172: UserWarning: Found `n_estimators` in params. Will use it instead of argument
  _log_warning(f"Found `{alias}` in params. Will use it instead of argument")
/home/mwoo423/.local/lib/python3.12/site-packages/lightgbm/engine.py:172: UserWarning: Found `n_estimators` in params. Will use it instead of argument
  _log_warning(f"Found `{alias}` in params. Will use it instead of argument")
/home/mwoo423/.local/lib/python3.12/site-packages/lightgbm/engine.py:172: UserWarning: Found `n_estimators` in params. Will use it instead of argument
  _log_warning(f"Found `{alias}` in params. Will use it instead of argument")
2026-05-06 23:16:06,079 [INFO]     n_feat= 7: CV logloss=0.6785 ±0.0023 ← BEST
/home/mwoo423/.local/lib/python3.12/site-packages/lightgbm/engine.py:172: UserWarning: Found `n_estimators` in params. Will use it instead of argument
  _log_warning(f"Found `{alias}` in params. Will use it instead of argument")
/home/mwoo423/.local/lib/python3.12/site-packages/lightgbm/engine.py:172: UserWarning: Found `n_estimators` in params. Will use it instead of argument
  _log_warning(f"Found `{alias}` in params. Will use it instead of argument")
/home/mwoo423/.local/lib/python3.12/site-packages/lightgbm/engine.py:172: UserWarning: Found `n_estimators` in params. Will use it instead of argument
  _log_warning(f"Found `{alias}` in params. Will use it instead of argument")
/home/mwoo423/.local/lib/python3.12/site-packages/lightgbm/engine.py:172: UserWarning: Found `n_estimators` in params. Will use it instead of argument
  _log_warning(f"Found `{alias}` in params. Will use it instead of argument")
/home/mwoo423/.local/lib/python3.12/site-packages/lightgbm/engine.py:172: UserWarning: Found `n_estimators` in params. Will use it instead of argument
  _log_warning(f"Found `{alias}` in params. Will use it instead of argument")
/home/mwoo423/.local/lib/python3.12/site-packages/lightgbm/engine.py:172: UserWarning: Found `n_estimators` in params. Will use it instead of argument
  _log_warning(f"Found `{alias}` in params. Will use it instead of argument")
/home/mwoo423/.local/lib/python3.12/site-packages/lightgbm/engine.py:172: UserWarning: Found `n_estimators` in params. Will use it instead of argument
  _log_warning(f"Found `{alias}` in params. Will use it instead of argument")
/home/mwoo423/.local/lib/python3.12/site-packages/lightgbm/engine.py:172: UserWarning: Found `n_estimators` in params. Will use it instead of argument
  _log_warning(f"Found `{alias}` in params. Will use it instead of argument")
/home/mwoo423/.local/lib/python3.12/site-packages/lightgbm/engine.py:172: UserWarning: Found `n_estimators` in params. Will use it instead of argument
  _log_warning(f"Found `{alias}` in params. Will use it instead of argument")
/home/mwoo423/.local/lib/python3.12/site-packages/lightgbm/engine.py:172: UserWarning: Found `n_estimators` in params. Will use it instead of argument
  _log_warning(f"Found `{alias}` in params. Will use it instead of argument")
/home/mwoo423/.local/lib/python3.12/site-packages/lightgbm/engine.py:172: UserWarning: Found `n_estimators` in params. Will use it instead of argument
  _log_warning(f"Found `{alias}` in params. Will use it instead of argument")
/home/mwoo423/.local/lib/python3.12/site-packages/lightgbm/engine.py:172: UserWarning: Found `n_estimators` in params. Will use it instead of argument
  _log_warning(f"Found `{alias}` in params. Will use it instead of argument")
/home/mwoo423/.local/lib/python3.12/site-packages/lightgbm/engine.py:172: UserWarning: Found `n_estimators` in params. Will use it instead of argument
  _log_warning(f"Found `{alias}` in params. Will use it instead of argument")
/home/mwoo423/.local/lib/python3.12/site-packages/lightgbm/engine.py:172: UserWarning: Found `n_estimators` in params. Will use it instead of argument
  _log_warning(f"Found `{alias}` in params. Will use it instead of argument")
/home/mwoo423/.local/lib/python3.12/site-packages/lightgbm/engine.py:172: UserWarning: Found `n_estimators` in params. Will use it instead of argument
  _log_warning(f"Found `{alias}` in params. Will use it instead of argument")
/home/mwoo423/.local/lib/python3.12/site-packages/lightgbm/engine.py:172: UserWarning: Found `n_estimators` in params. Will use it instead of argument
  _log_warning(f"Found `{alias}` in params. Will use it instead of argument")
/home/mwoo423/.local/lib/python3.12/site-packages/lightgbm/engine.py:172: UserWarning: Found `n_estimators` in params. Will use it instead of argument
  _log_warning(f"Found `{alias}` in params. Will use it instead of argument")
/home/mwoo423/.local/lib/python3.12/site-packages/lightgbm/engine.py:172: UserWarning: Found `n_estimators` in params. Will use it instead of argument
  _log_warning(f"Found `{alias}` in params. Will use it instead of argument")
/home/mwoo423/.local/lib/python3.12/site-packages/lightgbm/engine.py:172: UserWarning: Found `n_estimators` in params. Will use it instead of argument
  _log_warning(f"Found `{alias}` in params. Will use it instead of argument")
/home/mwoo423/.local/lib/python3.12/site-packages/lightgbm/engine.py:172: UserWarning: Found `n_estimators` in params. Will use it instead of argument
  _log_warning(f"Found `{alias}` in params. Will use it instead of argument")
/home/mwoo423/.local/lib/python3.12/site-packages/lightgbm/engine.py:172: UserWarning: Found `n_estimators` in params. Will use it instead of argument
  _log_warning(f"Found `{alias}` in params. Will use it instead of argument")
/home/mwoo423/.local/lib/python3.12/site-packages/lightgbm/engine.py:172: UserWarning: Found `n_estimators` in params. Will use it instead of argument
  _log_warning(f"Found `{alias}` in params. Will use it instead of argument")
/home/mwoo423/.local/lib/python3.12/site-packages/lightgbm/engine.py:172: UserWarning: Found `n_estimators` in params. Will use it instead of argument
  _log_warning(f"Found `{alias}` in params. Will use it instead of argument")
/home/mwoo423/.local/lib/python3.12/site-packages/lightgbm/engine.py:172: UserWarning: Found `n_estimators` in params. Will use it instead of argument
  _log_warning(f"Found `{alias}` in params. Will use it instead of argument")
/home/mwoo423/.local/lib/python3.12/site-packages/lightgbm/engine.py:172: UserWarning: Found `n_estimators` in params. Will use it instead of argument
  _log_warning(f"Found `{alias}` in params. Will use it instead of argument")
2026-05-06 23:16:08,199 [INFO]     n_feat= 8: CV logloss=0.6922 ±0.0039
/home/mwoo423/.local/lib/python3.12/site-packages/lightgbm/engine.py:172: UserWarning: Found `n_estimators` in params. Will use it instead of argument
  _log_warning(f"Found `{alias}` in params. Will use it instead of argument")
/home/mwoo423/.local/lib/python3.12/site-packages/lightgbm/engine.py:172: UserWarning: Found `n_estimators` in params. Will use it instead of argument
  _log_warning(f"Found `{alias}` in params. Will use it instead of argument")
/home/mwoo423/.local/lib/python3.12/site-packages/lightgbm/engine.py:172: UserWarning: Found `n_estimators` in params. Will use it instead of argument
  _log_warning(f"Found `{alias}` in params. Will use it instead of argument")
/home/mwoo423/.local/lib/python3.12/site-packages/lightgbm/engine.py:172: UserWarning: Found `n_estimators` in params. Will use it instead of argument
  _log_warning(f"Found `{alias}` in params. Will use it instead of argument")
/home/mwoo423/.local/lib/python3.12/site-packages/lightgbm/engine.py:172: UserWarning: Found `n_estimators` in params. Will use it instead of argument
  _log_warning(f"Found `{alias}` in params. Will use it instead of argument")
/home/mwoo423/.local/lib/python3.12/site-packages/lightgbm/engine.py:172: UserWarning: Found `n_estimators` in params. Will use it instead of argument
  _log_warning(f"Found `{alias}` in params. Will use it instead of argument")
/home/mwoo423/.local/lib/python3.12/site-packages/lightgbm/engine.py:172: UserWarning: Found `n_estimators` in params. Will use it instead of argument
  _log_warning(f"Found `{alias}` in params. Will use it instead of argument")
/home/mwoo423/.local/lib/python3.12/site-packages/lightgbm/engine.py:172: UserWarning: Found `n_estimators` in params. Will use it instead of argument
  _log_warning(f"Found `{alias}` in params. Will use it instead of argument")
/home/mwoo423/.local/lib/python3.12/site-packages/lightgbm/engine.py:172: UserWarning: Found `n_estimators` in params. Will use it instead of argument
  _log_warning(f"Found `{alias}` in params. Will use it instead of argument")
/home/mwoo423/.local/lib/python3.12/site-packages/lightgbm/engine.py:172: UserWarning: Found `n_estimators` in params. Will use it instead of argument
  _log_warning(f"Found `{alias}` in params. Will use it instead of argument")
/home/mwoo423/.local/lib/python3.12/site-packages/lightgbm/engine.py:172: UserWarning: Found `n_estimators` in params. Will use it instead of argument
  _log_warning(f"Found `{alias}` in params. Will use it instead of argument")
/home/mwoo423/.local/lib/python3.12/site-packages/lightgbm/engine.py:172: UserWarning: Found `n_estimators` in params. Will use it instead of argument
  _log_warning(f"Found `{alias}` in params. Will use it instead of argument")
/home/mwoo423/.local/lib/python3.12/site-packages/lightgbm/engine.py:172: UserWarning: Found `n_estimators` in params. Will use it instead of argument
  _log_warning(f"Found `{alias}` in params. Will use it instead of argument")
/home/mwoo423/.local/lib/python3.12/site-packages/lightgbm/engine.py:172: UserWarning: Found `n_estimators` in params. Will use it instead of argument
  _log_warning(f"Found `{alias}` in params. Will use it instead of argument")
/home/mwoo423/.local/lib/python3.12/site-packages/lightgbm/engine.py:172: UserWarning: Found `n_estimators` in params. Will use it instead of argument
  _log_warning(f"Found `{alias}` in params. Will use it instead of argument")
/home/mwoo423/.local/lib/python3.12/site-packages/lightgbm/engine.py:172: UserWarning: Found `n_estimators` in params. Will use it instead of argument
  _log_warning(f"Found `{alias}` in params. Will use it instead of argument")
/home/mwoo423/.local/lib/python3.12/site-packages/lightgbm/engine.py:172: UserWarning: Found `n_estimators` in params. Will use it instead of argument
  _log_warning(f"Found `{alias}` in params. Will use it instead of argument")
/home/mwoo423/.local/lib/python3.12/site-packages/lightgbm/engine.py:172: UserWarning: Found `n_estimators` in params. Will use it instead of argument
  _log_warning(f"Found `{alias}` in params. Will use it instead of argument")
/home/mwoo423/.local/lib/python3.12/site-packages/lightgbm/engine.py:172: UserWarning: Found `n_estimators` in params. Will use it instead of argument
  _log_warning(f"Found `{alias}` in params. Will use it instead of argument")
/home/mwoo423/.local/lib/python3.12/site-packages/lightgbm/engine.py:172: UserWarning: Found `n_estimators` in params. Will use it instead of argument
  _log_warning(f"Found `{alias}` in params. Will use it instead of argument")
/home/mwoo423/.local/lib/python3.12/site-packages/lightgbm/engine.py:172: UserWarning: Found `n_estimators` in params. Will use it instead of argument
  _log_warning(f"Found `{alias}` in params. Will use it instead of argument")
/home/mwoo423/.local/lib/python3.12/site-packages/lightgbm/engine.py:172: UserWarning: Found `n_estimators` in params. Will use it instead of argument
  _log_warning(f"Found `{alias}` in params. Will use it instead of argument")
/home/mwoo423/.local/lib/python3.12/site-packages/lightgbm/engine.py:172: UserWarning: Found `n_estimators` in params. Will use it instead of argument
  _log_warning(f"Found `{alias}` in params. Will use it instead of argument")
/home/mwoo423/.local/lib/python3.12/site-packages/lightgbm/engine.py:172: UserWarning: Found `n_estimators` in params. Will use it instead of argument
  _log_warning(f"Found `{alias}` in params. Will use it instead of argument")
/home/mwoo423/.local/lib/python3.12/site-packages/lightgbm/engine.py:172: UserWarning: Found `n_estimators` in params. Will use it instead of argument
  _log_warning(f"Found `{alias}` in params. Will use it instead of argument")
2026-05-06 23:16:10,432 [INFO]     n_feat= 9: CV logloss=0.6790 ±0.0027
/home/mwoo423/.local/lib/python3.12/site-packages/lightgbm/engine.py:172: UserWarning: Found `n_estimators` in params. Will use it instead of argument
  _log_warning(f"Found `{alias}` in params. Will use it instead of argument")
/home/mwoo423/.local/lib/python3.12/site-packages/lightgbm/engine.py:172: UserWarning: Found `n_estimators` in params. Will use it instead of argument
  _log_warning(f"Found `{alias}` in params. Will use it instead of argument")
/home/mwoo423/.local/lib/python3.12/site-packages/lightgbm/engine.py:172: UserWarning: Found `n_estimators` in params. Will use it instead of argument
  _log_warning(f"Found `{alias}` in params. Will use it instead of argument")
/home/mwoo423/.local/lib/python3.12/site-packages/lightgbm/engine.py:172: UserWarning: Found `n_estimators` in params. Will use it instead of argument
  _log_warning(f"Found `{alias}` in params. Will use it instead of argument")
/home/mwoo423/.local/lib/python3.12/site-packages/lightgbm/engine.py:172: UserWarning: Found `n_estimators` in params. Will use it instead of argument
  _log_warning(f"Found `{alias}` in params. Will use it instead of argument")
/home/mwoo423/.local/lib/python3.12/site-packages/lightgbm/engine.py:172: UserWarning: Found `n_estimators` in params. Will use it instead of argument
  _log_warning(f"Found `{alias}` in params. Will use it instead of argument")
/home/mwoo423/.local/lib/python3.12/site-packages/lightgbm/engine.py:172: UserWarning: Found `n_estimators` in params. Will use it instead of argument
  _log_warning(f"Found `{alias}` in params. Will use it instead of argument")
/home/mwoo423/.local/lib/python3.12/site-packages/lightgbm/engine.py:172: UserWarning: Found `n_estimators` in params. Will use it instead of argument
  _log_warning(f"Found `{alias}` in params. Will use it instead of argument")
/home/mwoo423/.local/lib/python3.12/site-packages/lightgbm/engine.py:172: UserWarning: Found `n_estimators` in params. Will use it instead of argument
  _log_warning(f"Found `{alias}` in params. Will use it instead of argument")
/home/mwoo423/.local/lib/python3.12/site-packages/lightgbm/engine.py:172: UserWarning: Found `n_estimators` in params. Will use it instead of argument
  _log_warning(f"Found `{alias}` in params. Will use it instead of argument")
/home/mwoo423/.local/lib/python3.12/site-packages/lightgbm/engine.py:172: UserWarning: Found `n_estimators` in params. Will use it instead of argument
  _log_warning(f"Found `{alias}` in params. Will use it instead of argument")
/home/mwoo423/.local/lib/python3.12/site-packages/lightgbm/engine.py:172: UserWarning: Found `n_estimators` in params. Will use it instead of argument
  _log_warning(f"Found `{alias}` in params. Will use it instead of argument")
/home/mwoo423/.local/lib/python3.12/site-packages/lightgbm/engine.py:172: UserWarning: Found `n_estimators` in params. Will use it instead of argument
  _log_warning(f"Found `{alias}` in params. Will use it instead of argument")
/home/mwoo423/.local/lib/python3.12/site-packages/lightgbm/engine.py:172: UserWarning: Found `n_estimators` in params. Will use it instead of argument
  _log_warning(f"Found `{alias}` in params. Will use it instead of argument")
/home/mwoo423/.local/lib/python3.12/site-packages/lightgbm/engine.py:172: UserWarning: Found `n_estimators` in params. Will use it instead of argument
  _log_warning(f"Found `{alias}` in params. Will use it instead of argument")
/home/mwoo423/.local/lib/python3.12/site-packages/lightgbm/engine.py:172: UserWarning: Found `n_estimators` in params. Will use it instead of argument
  _log_warning(f"Found `{alias}` in params. Will use it instead of argument")
/home/mwoo423/.local/lib/python3.12/site-packages/lightgbm/engine.py:172: UserWarning: Found `n_estimators` in params. Will use it instead of argument
  _log_warning(f"Found `{alias}` in params. Will use it instead of argument")
/home/mwoo423/.local/lib/python3.12/site-packages/lightgbm/engine.py:172: UserWarning: Found `n_estimators` in params. Will use it instead of argument
  _log_warning(f"Found `{alias}` in params. Will use it instead of argument")
/home/mwoo423/.local/lib/python3.12/site-packages/lightgbm/engine.py:172: UserWarning: Found `n_estimators` in params. Will use it instead of argument
  _log_warning(f"Found `{alias}` in params. Will use it instead of argument")
/home/mwoo423/.local/lib/python3.12/site-packages/lightgbm/engine.py:172: UserWarning: Found `n_estimators` in params. Will use it instead of argument
  _log_warning(f"Found `{alias}` in params. Will use it instead of argument")
/home/mwoo423/.local/lib/python3.12/site-packages/lightgbm/engine.py:172: UserWarning: Found `n_estimators` in params. Will use it instead of argument
  _log_warning(f"Found `{alias}` in params. Will use it instead of argument")
/home/mwoo423/.local/lib/python3.12/site-packages/lightgbm/engine.py:172: UserWarning: Found `n_estimators` in params. Will use it instead of argument
  _log_warning(f"Found `{alias}` in params. Will use it instead of argument")
/home/mwoo423/.local/lib/python3.12/site-packages/lightgbm/engine.py:172: UserWarning: Found `n_estimators` in params. Will use it instead of argument
  _log_warning(f"Found `{alias}` in params. Will use it instead of argument")
/home/mwoo423/.local/lib/python3.12/site-packages/lightgbm/engine.py:172: UserWarning: Found `n_estimators` in params. Will use it instead of argument
  _log_warning(f"Found `{alias}` in params. Will use it instead of argument")
/home/mwoo423/.local/lib/python3.12/site-packages/lightgbm/engine.py:172: UserWarning: Found `n_estimators` in params. Will use it instead of argument
  _log_warning(f"Found `{alias}` in params. Will use it instead of argument")
2026-05-06 23:16:12,833 [INFO]     n_feat=10: CV logloss=0.6789 ±0.0017
/home/mwoo423/.local/lib/python3.12/site-packages/lightgbm/engine.py:172: UserWarning: Found `n_estimators` in params. Will use it instead of argument
  _log_warning(f"Found `{alias}` in params. Will use it instead of argument")
/home/mwoo423/.local/lib/python3.12/site-packages/lightgbm/engine.py:172: UserWarning: Found `n_estimators` in params. Will use it instead of argument
  _log_warning(f"Found `{alias}` in params. Will use it instead of argument")
/home/mwoo423/.local/lib/python3.12/site-packages/lightgbm/engine.py:172: UserWarning: Found `n_estimators` in params. Will use it instead of argument
  _log_warning(f"Found `{alias}` in params. Will use it instead of argument")
/home/mwoo423/.local/lib/python3.12/site-packages/lightgbm/engine.py:172: UserWarning: Found `n_estimators` in params. Will use it instead of argument
  _log_warning(f"Found `{alias}` in params. Will use it instead of argument")
/home/mwoo423/.local/lib/python3.12/site-packages/lightgbm/engine.py:172: UserWarning: Found `n_estimators` in params. Will use it instead of argument
  _log_warning(f"Found `{alias}` in params. Will use it instead of argument")
/home/mwoo423/.local/lib/python3.12/site-packages/lightgbm/engine.py:172: UserWarning: Found `n_estimators` in params. Will use it instead of argument
  _log_warning(f"Found `{alias}` in params. Will use it instead of argument")
/home/mwoo423/.local/lib/python3.12/site-packages/lightgbm/engine.py:172: UserWarning: Found `n_estimators` in params. Will use it instead of argument
  _log_warning(f"Found `{alias}` in params. Will use it instead of argument")
/home/mwoo423/.local/lib/python3.12/site-packages/lightgbm/engine.py:172: UserWarning: Found `n_estimators` in params. Will use it instead of argument
  _log_warning(f"Found `{alias}` in params. Will use it instead of argument")
/home/mwoo423/.local/lib/python3.12/site-packages/lightgbm/engine.py:172: UserWarning: Found `n_estimators` in params. Will use it instead of argument
  _log_warning(f"Found `{alias}` in params. Will use it instead of argument")
/home/mwoo423/.local/lib/python3.12/site-packages/lightgbm/engine.py:172: UserWarning: Found `n_estimators` in params. Will use it instead of argument
  _log_warning(f"Found `{alias}` in params. Will use it instead of argument")
/home/mwoo423/.local/lib/python3.12/site-packages/lightgbm/engine.py:172: UserWarning: Found `n_estimators` in params. Will use it instead of argument
  _log_warning(f"Found `{alias}` in params. Will use it instead of argument")
/home/mwoo423/.local/lib/python3.12/site-packages/lightgbm/engine.py:172: UserWarning: Found `n_estimators` in params. Will use it instead of argument
  _log_warning(f"Found `{alias}` in params. Will use it instead of argument")
/home/mwoo423/.local/lib/python3.12/site-packages/lightgbm/engine.py:172: UserWarning: Found `n_estimators` in params. Will use it instead of argument
  _log_warning(f"Found `{alias}` in params. Will use it instead of argument")
/home/mwoo423/.local/lib/python3.12/site-packages/lightgbm/engine.py:172: UserWarning: Found `n_estimators` in params. Will use it instead of argument
  _log_warning(f"Found `{alias}` in params. Will use it instead of argument")
/home/mwoo423/.local/lib/python3.12/site-packages/lightgbm/engine.py:172: UserWarning: Found `n_estimators` in params. Will use it instead of argument
  _log_warning(f"Found `{alias}` in params. Will use it instead of argument")
/home/mwoo423/.local/lib/python3.12/site-packages/lightgbm/engine.py:172: UserWarning: Found `n_estimators` in params. Will use it instead of argument
  _log_warning(f"Found `{alias}` in params. Will use it instead of argument")
/home/mwoo423/.local/lib/python3.12/site-packages/lightgbm/engine.py:172: UserWarning: Found `n_estimators` in params. Will use it instead of argument
  _log_warning(f"Found `{alias}` in params. Will use it instead of argument")
/home/mwoo423/.local/lib/python3.12/site-packages/lightgbm/engine.py:172: UserWarning: Found `n_estimators` in params. Will use it instead of argument
  _log_warning(f"Found `{alias}` in params. Will use it instead of argument")
/home/mwoo423/.local/lib/python3.12/site-packages/lightgbm/engine.py:172: UserWarning: Found `n_estimators` in params. Will use it instead of argument
  _log_warning(f"Found `{alias}` in params. Will use it instead of argument")
/home/mwoo423/.local/lib/python3.12/site-packages/lightgbm/engine.py:172: UserWarning: Found `n_estimators` in params. Will use it instead of argument
  _log_warning(f"Found `{alias}` in params. Will use it instead of argument")
/home/mwoo423/.local/lib/python3.12/site-packages/lightgbm/engine.py:172: UserWarning: Found `n_estimators` in params. Will use it instead of argument
  _log_warning(f"Found `{alias}` in params. Will use it instead of argument")
/home/mwoo423/.local/lib/python3.12/site-packages/lightgbm/engine.py:172: UserWarning: Found `n_estimators` in params. Will use it instead of argument
  _log_warning(f"Found `{alias}` in params. Will use it instead of argument")
/home/mwoo423/.local/lib/python3.12/site-packages/lightgbm/engine.py:172: UserWarning: Found `n_estimators` in params. Will use it instead of argument
  _log_warning(f"Found `{alias}` in params. Will use it instead of argument")
/home/mwoo423/.local/lib/python3.12/site-packages/lightgbm/engine.py:172: UserWarning: Found `n_estimators` in params. Will use it instead of argument
  _log_warning(f"Found `{alias}` in params. Will use it instead of argument")
/home/mwoo423/.local/lib/python3.12/site-packages/lightgbm/engine.py:172: UserWarning: Found `n_estimators` in params. Will use it instead of argument
  _log_warning(f"Found `{alias}` in params. Will use it instead of argument")
2026-05-06 23:16:15,310 [INFO]     n_feat=11: CV logloss=0.6575 ±0.0018 ← BEST
2026-05-06 23:16:15,311 [INFO]   ✅ Q3: best n_feat=11, CV=0.6575
2026-05-06 23:16:15,311 [INFO] 
============================================================
2026-05-06 23:16:15,311 [INFO]   === S1 ===
/home/mwoo423/.local/lib/python3.12/site-packages/lightgbm/engine.py:172: UserWarning: Found `n_estimators` in params. Will use it instead of argument
  _log_warning(f"Found `{alias}` in params. Will use it instead of argument")
2026-05-06 23:16:15,511 [INFO]   Baseline: cfg=wide, n_feat=20, sweep range=[17, 18, 19, 20, 21, 22, 23]
/home/mwoo423/.local/lib/python3.12/site-packages/lightgbm/engine.py:172: UserWarning: Found `n_estimators` in params. Will use it instead of argument
  _log_warning(f"Found `{alias}` in params. Will use it instead of argument")
/home/mwoo423/.local/lib/python3.12/site-packages/lightgbm/engine.py:172: UserWarning: Found `n_estimators` in params. Will use it instead of argument
  _log_warning(f"Found `{alias}` in params. Will use it instead of argument")
/home/mwoo423/.local/lib/python3.12/site-packages/lightgbm/engine.py:172: UserWarning: Found `n_estimators` in params. Will use it instead of argument
  _log_warning(f"Found `{alias}` in params. Will use it instead of argument")
/home/mwoo423/.local/lib/python3.12/site-packages/lightgbm/engine.py:172: UserWarning: Found `n_estimators` in params. Will use it instead of argument
  _log_warning(f"Found `{alias}` in params. Will use it instead of argument")
/home/mwoo423/.local/lib/python3.12/site-packages/lightgbm/engine.py:172: UserWarning: Found `n_estimators` in params. Will use it instead of argument
  _log_warning(f"Found `{alias}` in params. Will use it instead of argument")
/home/mwoo423/.local/lib/python3.12/site-packages/lightgbm/engine.py:172: UserWarning: Found `n_estimators` in params. Will use it instead of argument
  _log_warning(f"Found `{alias}` in params. Will use it instead of argument")
/home/mwoo423/.local/lib/python3.12/site-packages/lightgbm/engine.py:172: UserWarning: Found `n_estimators` in params. Will use it instead of argument
  _log_warning(f"Found `{alias}` in params. Will use it instead of argument")
/home/mwoo423/.local/lib/python3.12/site-packages/lightgbm/engine.py:172: UserWarning: Found `n_estimators` in params. Will use it instead of argument
  _log_warning(f"Found `{alias}` in params. Will use it instead of argument")
/home/mwoo423/.local/lib/python3.12/site-packages/lightgbm/engine.py:172: UserWarning: Found `n_estimators` in params. Will use it instead of argument
  _log_warning(f"Found `{alias}` in params. Will use it instead of argument")
/home/mwoo423/.local/lib/python3.12/site-packages/lightgbm/engine.py:172: UserWarning: Found `n_estimators` in params. Will use it instead of argument
  _log_warning(f"Found `{alias}` in params. Will use it instead of argument")
/home/mwoo423/.local/lib/python3.12/site-packages/lightgbm/engine.py:172: UserWarning: Found `n_estimators` in params. Will use it instead of argument
  _log_warning(f"Found `{alias}` in params. Will use it instead of argument")
/home/mwoo423/.local/lib/python3.12/site-packages/lightgbm/engine.py:172: UserWarning: Found `n_estimators` in params. Will use it instead of argument
  _log_warning(f"Found `{alias}` in params. Will use it instead of argument")
/home/mwoo423/.local/lib/python3.12/site-packages/lightgbm/engine.py:172: UserWarning: Found `n_estimators` in params. Will use it instead of argument
  _log_warning(f"Found `{alias}` in params. Will use it instead of argument")
/home/mwoo423/.local/lib/python3.12/site-packages/lightgbm/engine.py:172: UserWarning: Found `n_estimators` in params. Will use it instead of argument
  _log_warning(f"Found `{alias}` in params. Will use it instead of argument")
/home/mwoo423/.local/lib/python3.12/site-packages/lightgbm/engine.py:172: UserWarning: Found `n_estimators` in params. Will use it instead of argument
  _log_warning(f"Found `{alias}` in params. Will use it instead of argument")
/home/mwoo423/.local/lib/python3.12/site-packages/lightgbm/engine.py:172: UserWarning: Found `n_estimators` in params. Will use it instead of argument
  _log_warning(f"Found `{alias}` in params. Will use it instead of argument")
/home/mwoo423/.local/lib/python3.12/site-packages/lightgbm/engine.py:172: UserWarning: Found `n_estimators` in params. Will use it instead of argument
  _log_warning(f"Found `{alias}` in params. Will use it instead of argument")
/home/mwoo423/.local/lib/python3.12/site-packages/lightgbm/engine.py:172: UserWarning: Found `n_estimators` in params. Will use it instead of argument
  _log_warning(f"Found `{alias}` in params. Will use it instead of argument")
/home/mwoo423/.local/lib/python3.12/site-packages/lightgbm/engine.py:172: UserWarning: Found `n_estimators` in params. Will use it instead of argument
  _log_warning(f"Found `{alias}` in params. Will use it instead of argument")
/home/mwoo423/.local/lib/python3.12/site-packages/lightgbm/engine.py:172: UserWarning: Found `n_estimators` in params. Will use it instead of argument
  _log_warning(f"Found `{alias}` in params. Will use it instead of argument")
/home/mwoo423/.local/lib/python3.12/site-packages/lightgbm/engine.py:172: UserWarning: Found `n_estimators` in params. Will use it instead of argument
  _log_warning(f"Found `{alias}` in params. Will use it instead of argument")
/home/mwoo423/.local/lib/python3.12/site-packages/lightgbm/engine.py:172: UserWarning: Found `n_estimators` in params. Will use it instead of argument
  _log_warning(f"Found `{alias}` in params. Will use it instead of argument")
/home/mwoo423/.local/lib/python3.12/site-packages/lightgbm/engine.py:172: UserWarning: Found `n_estimators` in params. Will use it instead of argument
  _log_warning(f"Found `{alias}` in params. Will use it instead of argument")
/home/mwoo423/.local/lib/python3.12/site-packages/lightgbm/engine.py:172: UserWarning: Found `n_estimators` in params. Will use it instead of argument
  _log_warning(f"Found `{alias}` in params. Will use it instead of argument")
/home/mwoo423/.local/lib/python3.12/site-packages/lightgbm/engine.py:172: UserWarning: Found `n_estimators` in params. Will use it instead of argument
  _log_warning(f"Found `{alias}` in params. Will use it instead of argument")
2026-05-06 23:16:17,005 [INFO]     n_feat=17: CV logloss=0.5886 ±0.0019 ← BEST
/home/mwoo423/.local/lib/python3.12/site-packages/lightgbm/engine.py:172: UserWarning: Found `n_estimators` in params. Will use it instead of argument
  _log_warning(f"Found `{alias}` in params. Will use it instead of argument")
/home/mwoo423/.local/lib/python3.12/site-packages/lightgbm/engine.py:172: UserWarning: Found `n_estimators` in params. Will use it instead of argument
  _log_warning(f"Found `{alias}` in params. Will use it instead of argument")
/home/mwoo423/.local/lib/python3.12/site-packages/lightgbm/engine.py:172: UserWarning: Found `n_estimators` in params. Will use it instead of argument
  _log_warning(f"Found `{alias}` in params. Will use it instead of argument")
/home/mwoo423/.local/lib/python3.12/site-packages/lightgbm/engine.py:172: UserWarning: Found `n_estimators` in params. Will use it instead of argument
  _log_warning(f"Found `{alias}` in params. Will use it instead of argument")
/home/mwoo423/.local/lib/python3.12/site-packages/lightgbm/engine.py:172: UserWarning: Found `n_estimators` in params. Will use it instead of argument
  _log_warning(f"Found `{alias}` in params. Will use it instead of argument")
/home/mwoo423/.local/lib/python3.12/site-packages/lightgbm/engine.py:172: UserWarning: Found `n_estimators` in params. Will use it instead of argument
  _log_warning(f"Found `{alias}` in params. Will use it instead of argument")
/home/mwoo423/.local/lib/python3.12/site-packages/lightgbm/engine.py:172: UserWarning: Found `n_estimators` in params. Will use it instead of argument
  _log_warning(f"Found `{alias}` in params. Will use it instead of argument")
/home/mwoo423/.local/lib/python3.12/site-packages/lightgbm/engine.py:172: UserWarning: Found `n_estimators` in params. Will use it instead of argument
  _log_warning(f"Found `{alias}` in params. Will use it instead of argument")
/home/mwoo423/.local/lib/python3.12/site-packages/lightgbm/engine.py:172: UserWarning: Found `n_estimators` in params. Will use it instead of argument
  _log_warning(f"Found `{alias}` in params. Will use it instead of argument")
/home/mwoo423/.local/lib/python3.12/site-packages/lightgbm/engine.py:172: UserWarning: Found `n_estimators` in params. Will use it instead of argument
  _log_warning(f"Found `{alias}` in params. Will use it instead of argument")
/home/mwoo423/.local/lib/python3.12/site-packages/lightgbm/engine.py:172: UserWarning: Found `n_estimators` in params. Will use it instead of argument
  _log_warning(f"Found `{alias}` in params. Will use it instead of argument")
/home/mwoo423/.local/lib/python3.12/site-packages/lightgbm/engine.py:172: UserWarning: Found `n_estimators` in params. Will use it instead of argument
  _log_warning(f"Found `{alias}` in params. Will use it instead of argument")
/home/mwoo423/.local/lib/python3.12/site-packages/lightgbm/engine.py:172: UserWarning: Found `n_estimators` in params. Will use it instead of argument
  _log_warning(f"Found `{alias}` in params. Will use it instead of argument")
/home/mwoo423/.local/lib/python3.12/site-packages/lightgbm/engine.py:172: UserWarning: Found `n_estimators` in params. Will use it instead of argument
  _log_warning(f"Found `{alias}` in params. Will use it instead of argument")
/home/mwoo423/.local/lib/python3.12/site-packages/lightgbm/engine.py:172: UserWarning: Found `n_estimators` in params. Will use it instead of argument
  _log_warning(f"Found `{alias}` in params. Will use it instead of argument")
/home/mwoo423/.local/lib/python3.12/site-packages/lightgbm/engine.py:172: UserWarning: Found `n_estimators` in params. Will use it instead of argument
  _log_warning(f"Found `{alias}` in params. Will use it instead of argument")
/home/mwoo423/.local/lib/python3.12/site-packages/lightgbm/engine.py:172: UserWarning: Found `n_estimators` in params. Will use it instead of argument
  _log_warning(f"Found `{alias}` in params. Will use it instead of argument")
/home/mwoo423/.local/lib/python3.12/site-packages/lightgbm/engine.py:172: UserWarning: Found `n_estimators` in params. Will use it instead of argument
  _log_warning(f"Found `{alias}` in params. Will use it instead of argument")
/home/mwoo423/.local/lib/python3.12/site-packages/lightgbm/engine.py:172: UserWarning: Found `n_estimators` in params. Will use it instead of argument
  _log_warning(f"Found `{alias}` in params. Will use it instead of argument")
/home/mwoo423/.local/lib/python3.12/site-packages/lightgbm/engine.py:172: UserWarning: Found `n_estimators` in params. Will use it instead of argument
  _log_warning(f"Found `{alias}` in params. Will use it instead of argument")
/home/mwoo423/.local/lib/python3.12/site-packages/lightgbm/engine.py:172: UserWarning: Found `n_estimators` in params. Will use it instead of argument
  _log_warning(f"Found `{alias}` in params. Will use it instead of argument")
/home/mwoo423/.local/lib/python3.12/site-packages/lightgbm/engine.py:172: UserWarning: Found `n_estimators` in params. Will use it instead of argument
  _log_warning(f"Found `{alias}` in params. Will use it instead of argument")
/home/mwoo423/.local/lib/python3.12/site-packages/lightgbm/engine.py:172: UserWarning: Found `n_estimators` in params. Will use it instead of argument
  _log_warning(f"Found `{alias}` in params. Will use it instead of argument")
/home/mwoo423/.local/lib/python3.12/site-packages/lightgbm/engine.py:172: UserWarning: Found `n_estimators` in params. Will use it instead of argument
  _log_warning(f"Found `{alias}` in params. Will use it instead of argument")
/home/mwoo423/.local/lib/python3.12/site-packages/lightgbm/engine.py:172: UserWarning: Found `n_estimators` in params. Will use it instead of argument
  _log_warning(f"Found `{alias}` in params. Will use it instead of argument")
2026-05-06 23:16:18,503 [INFO]     n_feat=18: CV logloss=0.5929 ±0.0012
/home/mwoo423/.local/lib/python3.12/site-packages/lightgbm/engine.py:172: UserWarning: Found `n_estimators` in params. Will use it instead of argument
  _log_warning(f"Found `{alias}` in params. Will use it instead of argument")
/home/mwoo423/.local/lib/python3.12/site-packages/lightgbm/engine.py:172: UserWarning: Found `n_estimators` in params. Will use it instead of argument
  _log_warning(f"Found `{alias}` in params. Will use it instead of argument")
/home/mwoo423/.local/lib/python3.12/site-packages/lightgbm/engine.py:172: UserWarning: Found `n_estimators` in params. Will use it instead of argument
  _log_warning(f"Found `{alias}` in params. Will use it instead of argument")
/home/mwoo423/.local/lib/python3.12/site-packages/lightgbm/engine.py:172: UserWarning: Found `n_estimators` in params. Will use it instead of argument
  _log_warning(f"Found `{alias}` in params. Will use it instead of argument")
/home/mwoo423/.local/lib/python3.12/site-packages/lightgbm/engine.py:172: UserWarning: Found `n_estimators` in params. Will use it instead of argument
  _log_warning(f"Found `{alias}` in params. Will use it instead of argument")
/home/mwoo423/.local/lib/python3.12/site-packages/lightgbm/engine.py:172: UserWarning: Found `n_estimators` in params. Will use it instead of argument
  _log_warning(f"Found `{alias}` in params. Will use it instead of argument")
/home/mwoo423/.local/lib/python3.12/site-packages/lightgbm/engine.py:172: UserWarning: Found `n_estimators` in params. Will use it instead of argument
  _log_warning(f"Found `{alias}` in params. Will use it instead of argument")
/home/mwoo423/.local/lib/python3.12/site-packages/lightgbm/engine.py:172: UserWarning: Found `n_estimators` in params. Will use it instead of argument
  _log_warning(f"Found `{alias}` in params. Will use it instead of argument")
/home/mwoo423/.local/lib/python3.12/site-packages/lightgbm/engine.py:172: UserWarning: Found `n_estimators` in params. Will use it instead of argument
  _log_warning(f"Found `{alias}` in params. Will use it instead of argument")
/home/mwoo423/.local/lib/python3.12/site-packages/lightgbm/engine.py:172: UserWarning: Found `n_estimators` in params. Will use it instead of argument
  _log_warning(f"Found `{alias}` in params. Will use it instead of argument")
/home/mwoo423/.local/lib/python3.12/site-packages/lightgbm/engine.py:172: UserWarning: Found `n_estimators` in params. Will use it instead of argument
  _log_warning(f"Found `{alias}` in params. Will use it instead of argument")
/home/mwoo423/.local/lib/python3.12/site-packages/lightgbm/engine.py:172: UserWarning: Found `n_estimators` in params. Will use it instead of argument
  _log_warning(f"Found `{alias}` in params. Will use it instead of argument")
/home/mwoo423/.local/lib/python3.12/site-packages/lightgbm/engine.py:172: UserWarning: Found `n_estimators` in params. Will use it instead of argument
  _log_warning(f"Found `{alias}` in params. Will use it instead of argument")
/home/mwoo423/.local/lib/python3.12/site-packages/lightgbm/engine.py:172: UserWarning: Found `n_estimators` in params. Will use it instead of argument
  _log_warning(f"Found `{alias}` in params. Will use it instead of argument")
/home/mwoo423/.local/lib/python3.12/site-packages/lightgbm/engine.py:172: UserWarning: Found `n_estimators` in params. Will use it instead of argument
  _log_warning(f"Found `{alias}` in params. Will use it instead of argument")
/home/mwoo423/.local/lib/python3.12/site-packages/lightgbm/engine.py:172: UserWarning: Found `n_estimators` in params. Will use it instead of argument
  _log_warning(f"Found `{alias}` in params. Will use it instead of argument")
/home/mwoo423/.local/lib/python3.12/site-packages/lightgbm/engine.py:172: UserWarning: Found `n_estimators` in params. Will use it instead of argument
  _log_warning(f"Found `{alias}` in params. Will use it instead of argument")
/home/mwoo423/.local/lib/python3.12/site-packages/lightgbm/engine.py:172: UserWarning: Found `n_estimators` in params. Will use it instead of argument
  _log_warning(f"Found `{alias}` in params. Will use it instead of argument")
/home/mwoo423/.local/lib/python3.12/site-packages/lightgbm/engine.py:172: UserWarning: Found `n_estimators` in params. Will use it instead of argument
  _log_warning(f"Found `{alias}` in params. Will use it instead of argument")
/home/mwoo423/.local/lib/python3.12/site-packages/lightgbm/engine.py:172: UserWarning: Found `n_estimators` in params. Will use it instead of argument
  _log_warning(f"Found `{alias}` in params. Will use it instead of argument")
/home/mwoo423/.local/lib/python3.12/site-packages/lightgbm/engine.py:172: UserWarning: Found `n_estimators` in params. Will use it instead of argument
  _log_warning(f"Found `{alias}` in params. Will use it instead of argument")
/home/mwoo423/.local/lib/python3.12/site-packages/lightgbm/engine.py:172: UserWarning: Found `n_estimators` in params. Will use it instead of argument
  _log_warning(f"Found `{alias}` in params. Will use it instead of argument")
/home/mwoo423/.local/lib/python3.12/site-packages/lightgbm/engine.py:172: UserWarning: Found `n_estimators` in params. Will use it instead of argument
  _log_warning(f"Found `{alias}` in params. Will use it instead of argument")
/home/mwoo423/.local/lib/python3.12/site-packages/lightgbm/engine.py:172: UserWarning: Found `n_estimators` in params. Will use it instead of argument
  _log_warning(f"Found `{alias}` in params. Will use it instead of argument")
/home/mwoo423/.local/lib/python3.12/site-packages/lightgbm/engine.py:172: UserWarning: Found `n_estimators` in params. Will use it instead of argument
  _log_warning(f"Found `{alias}` in params. Will use it instead of argument")
2026-05-06 23:16:20,020 [INFO]     n_feat=19: CV logloss=0.5925 ±0.0024
/home/mwoo423/.local/lib/python3.12/site-packages/lightgbm/engine.py:172: UserWarning: Found `n_estimators` in params. Will use it instead of argument
  _log_warning(f"Found `{alias}` in params. Will use it instead of argument")
/home/mwoo423/.local/lib/python3.12/site-packages/lightgbm/engine.py:172: UserWarning: Found `n_estimators` in params. Will use it instead of argument
  _log_warning(f"Found `{alias}` in params. Will use it instead of argument")
/home/mwoo423/.local/lib/python3.12/site-packages/lightgbm/engine.py:172: UserWarning: Found `n_estimators` in params. Will use it instead of argument
  _log_warning(f"Found `{alias}` in params. Will use it instead of argument")
/home/mwoo423/.local/lib/python3.12/site-packages/lightgbm/engine.py:172: UserWarning: Found `n_estimators` in params. Will use it instead of argument
  _log_warning(f"Found `{alias}` in params. Will use it instead of argument")
/home/mwoo423/.local/lib/python3.12/site-packages/lightgbm/engine.py:172: UserWarning: Found `n_estimators` in params. Will use it instead of argument
  _log_warning(f"Found `{alias}` in params. Will use it instead of argument")
/home/mwoo423/.local/lib/python3.12/site-packages/lightgbm/engine.py:172: UserWarning: Found `n_estimators` in params. Will use it instead of argument
  _log_warning(f"Found `{alias}` in params. Will use it instead of argument")
/home/mwoo423/.local/lib/python3.12/site-packages/lightgbm/engine.py:172: UserWarning: Found `n_estimators` in params. Will use it instead of argument
  _log_warning(f"Found `{alias}` in params. Will use it instead of argument")
/home/mwoo423/.local/lib/python3.12/site-packages/lightgbm/engine.py:172: UserWarning: Found `n_estimators` in params. Will use it instead of argument
  _log_warning(f"Found `{alias}` in params. Will use it instead of argument")
/home/mwoo423/.local/lib/python3.12/site-packages/lightgbm/engine.py:172: UserWarning: Found `n_estimators` in params. Will use it instead of argument
  _log_warning(f"Found `{alias}` in params. Will use it instead of argument")
/home/mwoo423/.local/lib/python3.12/site-packages/lightgbm/engine.py:172: UserWarning: Found `n_estimators` in params. Will use it instead of argument
  _log_warning(f"Found `{alias}` in params. Will use it instead of argument")
/home/mwoo423/.local/lib/python3.12/site-packages/lightgbm/engine.py:172: UserWarning: Found `n_estimators` in params. Will use it instead of argument
  _log_warning(f"Found `{alias}` in params. Will use it instead of argument")
/home/mwoo423/.local/lib/python3.12/site-packages/lightgbm/engine.py:172: UserWarning: Found `n_estimators` in params. Will use it instead of argument
  _log_warning(f"Found `{alias}` in params. Will use it instead of argument")
/home/mwoo423/.local/lib/python3.12/site-packages/lightgbm/engine.py:172: UserWarning: Found `n_estimators` in params. Will use it instead of argument
  _log_warning(f"Found `{alias}` in params. Will use it instead of argument")
/home/mwoo423/.local/lib/python3.12/site-packages/lightgbm/engine.py:172: UserWarning: Found `n_estimators` in params. Will use it instead of argument
  _log_warning(f"Found `{alias}` in params. Will use it instead of argument")
/home/mwoo423/.local/lib/python3.12/site-packages/lightgbm/engine.py:172: UserWarning: Found `n_estimators` in params. Will use it instead of argument
  _log_warning(f"Found `{alias}` in params. Will use it instead of argument")
/home/mwoo423/.local/lib/python3.12/site-packages/lightgbm/engine.py:172: UserWarning: Found `n_estimators` in params. Will use it instead of argument
  _log_warning(f"Found `{alias}` in params. Will use it instead of argument")
/home/mwoo423/.local/lib/python3.12/site-packages/lightgbm/engine.py:172: UserWarning: Found `n_estimators` in params. Will use it instead of argument
  _log_warning(f"Found `{alias}` in params. Will use it instead of argument")
/home/mwoo423/.local/lib/python3.12/site-packages/lightgbm/engine.py:172: UserWarning: Found `n_estimators` in params. Will use it instead of argument
  _log_warning(f"Found `{alias}` in params. Will use it instead of argument")
/home/mwoo423/.local/lib/python3.12/site-packages/lightgbm/engine.py:172: UserWarning: Found `n_estimators` in params. Will use it instead of argument
  _log_warning(f"Found `{alias}` in params. Will use it instead of argument")
/home/mwoo423/.local/lib/python3.12/site-packages/lightgbm/engine.py:172: UserWarning: Found `n_estimators` in params. Will use it instead of argument
  _log_warning(f"Found `{alias}` in params. Will use it instead of argument")
/home/mwoo423/.local/lib/python3.12/site-packages/lightgbm/engine.py:172: UserWarning: Found `n_estimators` in params. Will use it instead of argument
  _log_warning(f"Found `{alias}` in params. Will use it instead of argument")
/home/mwoo423/.local/lib/python3.12/site-packages/lightgbm/engine.py:172: UserWarning: Found `n_estimators` in params. Will use it instead of argument
  _log_warning(f"Found `{alias}` in params. Will use it instead of argument")
/home/mwoo423/.local/lib/python3.12/site-packages/lightgbm/engine.py:172: UserWarning: Found `n_estimators` in params. Will use it instead of argument
  _log_warning(f"Found `{alias}` in params. Will use it instead of argument")
/home/mwoo423/.local/lib/python3.12/site-packages/lightgbm/engine.py:172: UserWarning: Found `n_estimators` in params. Will use it instead of argument
  _log_warning(f"Found `{alias}` in params. Will use it instead of argument")
/home/mwoo423/.local/lib/python3.12/site-packages/lightgbm/engine.py:172: UserWarning: Found `n_estimators` in params. Will use it instead of argument
  _log_warning(f"Found `{alias}` in params. Will use it instead of argument")
2026-05-06 23:16:21,598 [INFO]     n_feat=20: CV logloss=0.6043 ±0.0021
/home/mwoo423/.local/lib/python3.12/site-packages/lightgbm/engine.py:172: UserWarning: Found `n_estimators` in params. Will use it instead of argument
  _log_warning(f"Found `{alias}` in params. Will use it instead of argument")
/home/mwoo423/.local/lib/python3.12/site-packages/lightgbm/engine.py:172: UserWarning: Found `n_estimators` in params. Will use it instead of argument
  _log_warning(f"Found `{alias}` in params. Will use it instead of argument")
/home/mwoo423/.local/lib/python3.12/site-packages/lightgbm/engine.py:172: UserWarning: Found `n_estimators` in params. Will use it instead of argument
  _log_warning(f"Found `{alias}` in params. Will use it instead of argument")
/home/mwoo423/.local/lib/python3.12/site-packages/lightgbm/engine.py:172: UserWarning: Found `n_estimators` in params. Will use it instead of argument
  _log_warning(f"Found `{alias}` in params. Will use it instead of argument")
/home/mwoo423/.local/lib/python3.12/site-packages/lightgbm/engine.py:172: UserWarning: Found `n_estimators` in params. Will use it instead of argument
  _log_warning(f"Found `{alias}` in params. Will use it instead of argument")
/home/mwoo423/.local/lib/python3.12/site-packages/lightgbm/engine.py:172: UserWarning: Found `n_estimators` in params. Will use it instead of argument
  _log_warning(f"Found `{alias}` in params. Will use it instead of argument")
/home/mwoo423/.local/lib/python3.12/site-packages/lightgbm/engine.py:172: UserWarning: Found `n_estimators` in params. Will use it instead of argument
  _log_warning(f"Found `{alias}` in params. Will use it instead of argument")
/home/mwoo423/.local/lib/python3.12/site-packages/lightgbm/engine.py:172: UserWarning: Found `n_estimators` in params. Will use it instead of argument
  _log_warning(f"Found `{alias}` in params. Will use it instead of argument")
/home/mwoo423/.local/lib/python3.12/site-packages/lightgbm/engine.py:172: UserWarning: Found `n_estimators` in params. Will use it instead of argument
  _log_warning(f"Found `{alias}` in params. Will use it instead of argument")
/home/mwoo423/.local/lib/python3.12/site-packages/lightgbm/engine.py:172: UserWarning: Found `n_estimators` in params. Will use it instead of argument
  _log_warning(f"Found `{alias}` in params. Will use it instead of argument")
/home/mwoo423/.local/lib/python3.12/site-packages/lightgbm/engine.py:172: UserWarning: Found `n_estimators` in params. Will use it instead of argument
  _log_warning(f"Found `{alias}` in params. Will use it instead of argument")
/home/mwoo423/.local/lib/python3.12/site-packages/lightgbm/engine.py:172: UserWarning: Found `n_estimators` in params. Will use it instead of argument
  _log_warning(f"Found `{alias}` in params. Will use it instead of argument")
/home/mwoo423/.local/lib/python3.12/site-packages/lightgbm/engine.py:172: UserWarning: Found `n_estimators` in params. Will use it instead of argument
  _log_warning(f"Found `{alias}` in params. Will use it instead of argument")
/home/mwoo423/.local/lib/python3.12/site-packages/lightgbm/engine.py:172: UserWarning: Found `n_estimators` in params. Will use it instead of argument
  _log_warning(f"Found `{alias}` in params. Will use it instead of argument")
/home/mwoo423/.local/lib/python3.12/site-packages/lightgbm/engine.py:172: UserWarning: Found `n_estimators` in params. Will use it instead of argument
  _log_warning(f"Found `{alias}` in params. Will use it instead of argument")
/home/mwoo423/.local/lib/python3.12/site-packages/lightgbm/engine.py:172: UserWarning: Found `n_estimators` in params. Will use it instead of argument
  _log_warning(f"Found `{alias}` in params. Will use it instead of argument")
/home/mwoo423/.local/lib/python3.12/site-packages/lightgbm/engine.py:172: UserWarning: Found `n_estimators` in params. Will use it instead of argument
  _log_warning(f"Found `{alias}` in params. Will use it instead of argument")
/home/mwoo423/.local/lib/python3.12/site-packages/lightgbm/engine.py:172: UserWarning: Found `n_estimators` in params. Will use it instead of argument
  _log_warning(f"Found `{alias}` in params. Will use it instead of argument")
/home/mwoo423/.local/lib/python3.12/site-packages/lightgbm/engine.py:172: UserWarning: Found `n_estimators` in params. Will use it instead of argument
  _log_warning(f"Found `{alias}` in params. Will use it instead of argument")
/home/mwoo423/.local/lib/python3.12/site-packages/lightgbm/engine.py:172: UserWarning: Found `n_estimators` in params. Will use it instead of argument
  _log_warning(f"Found `{alias}` in params. Will use it instead of argument")
/home/mwoo423/.local/lib/python3.12/site-packages/lightgbm/engine.py:172: UserWarning: Found `n_estimators` in params. Will use it instead of argument
  _log_warning(f"Found `{alias}` in params. Will use it instead of argument")
/home/mwoo423/.local/lib/python3.12/site-packages/lightgbm/engine.py:172: UserWarning: Found `n_estimators` in params. Will use it instead of argument
  _log_warning(f"Found `{alias}` in params. Will use it instead of argument")
/home/mwoo423/.local/lib/python3.12/site-packages/lightgbm/engine.py:172: UserWarning: Found `n_estimators` in params. Will use it instead of argument
  _log_warning(f"Found `{alias}` in params. Will use it instead of argument")
/home/mwoo423/.local/lib/python3.12/site-packages/lightgbm/engine.py:172: UserWarning: Found `n_estimators` in params. Will use it instead of argument
  _log_warning(f"Found `{alias}` in params. Will use it instead of argument")
/home/mwoo423/.local/lib/python3.12/site-packages/lightgbm/engine.py:172: UserWarning: Found `n_estimators` in params. Will use it instead of argument
  _log_warning(f"Found `{alias}` in params. Will use it instead of argument")
2026-05-06 23:16:23,170 [INFO]     n_feat=21: CV logloss=0.6014 ±0.0002
/home/mwoo423/.local/lib/python3.12/site-packages/lightgbm/engine.py:172: UserWarning: Found `n_estimators` in params. Will use it instead of argument
  _log_warning(f"Found `{alias}` in params. Will use it instead of argument")
/home/mwoo423/.local/lib/python3.12/site-packages/lightgbm/engine.py:172: UserWarning: Found `n_estimators` in params. Will use it instead of argument
  _log_warning(f"Found `{alias}` in params. Will use it instead of argument")
/home/mwoo423/.local/lib/python3.12/site-packages/lightgbm/engine.py:172: UserWarning: Found `n_estimators` in params. Will use it instead of argument
  _log_warning(f"Found `{alias}` in params. Will use it instead of argument")
/home/mwoo423/.local/lib/python3.12/site-packages/lightgbm/engine.py:172: UserWarning: Found `n_estimators` in params. Will use it instead of argument
  _log_warning(f"Found `{alias}` in params. Will use it instead of argument")
/home/mwoo423/.local/lib/python3.12/site-packages/lightgbm/engine.py:172: UserWarning: Found `n_estimators` in params. Will use it instead of argument
  _log_warning(f"Found `{alias}` in params. Will use it instead of argument")
/home/mwoo423/.local/lib/python3.12/site-packages/lightgbm/engine.py:172: UserWarning: Found `n_estimators` in params. Will use it instead of argument
  _log_warning(f"Found `{alias}` in params. Will use it instead of argument")
/home/mwoo423/.local/lib/python3.12/site-packages/lightgbm/engine.py:172: UserWarning: Found `n_estimators` in params. Will use it instead of argument
  _log_warning(f"Found `{alias}` in params. Will use it instead of argument")
/home/mwoo423/.local/lib/python3.12/site-packages/lightgbm/engine.py:172: UserWarning: Found `n_estimators` in params. Will use it instead of argument
  _log_warning(f"Found `{alias}` in params. Will use it instead of argument")
/home/mwoo423/.local/lib/python3.12/site-packages/lightgbm/engine.py:172: UserWarning: Found `n_estimators` in params. Will use it instead of argument
  _log_warning(f"Found `{alias}` in params. Will use it instead of argument")
/home/mwoo423/.local/lib/python3.12/site-packages/lightgbm/engine.py:172: UserWarning: Found `n_estimators` in params. Will use it instead of argument
  _log_warning(f"Found `{alias}` in params. Will use it instead of argument")
/home/mwoo423/.local/lib/python3.12/site-packages/lightgbm/engine.py:172: UserWarning: Found `n_estimators` in params. Will use it instead of argument
  _log_warning(f"Found `{alias}` in params. Will use it instead of argument")
/home/mwoo423/.local/lib/python3.12/site-packages/lightgbm/engine.py:172: UserWarning: Found `n_estimators` in params. Will use it instead of argument
  _log_warning(f"Found `{alias}` in params. Will use it instead of argument")
/home/mwoo423/.local/lib/python3.12/site-packages/lightgbm/engine.py:172: UserWarning: Found `n_estimators` in params. Will use it instead of argument
  _log_warning(f"Found `{alias}` in params. Will use it instead of argument")
/home/mwoo423/.local/lib/python3.12/site-packages/lightgbm/engine.py:172: UserWarning: Found `n_estimators` in params. Will use it instead of argument
  _log_warning(f"Found `{alias}` in params. Will use it instead of argument")
/home/mwoo423/.local/lib/python3.12/site-packages/lightgbm/engine.py:172: UserWarning: Found `n_estimators` in params. Will use it instead of argument
  _log_warning(f"Found `{alias}` in params. Will use it instead of argument")
/home/mwoo423/.local/lib/python3.12/site-packages/lightgbm/engine.py:172: UserWarning: Found `n_estimators` in params. Will use it instead of argument
  _log_warning(f"Found `{alias}` in params. Will use it instead of argument")
/home/mwoo423/.local/lib/python3.12/site-packages/lightgbm/engine.py:172: UserWarning: Found `n_estimators` in params. Will use it instead of argument
  _log_warning(f"Found `{alias}` in params. Will use it instead of argument")
/home/mwoo423/.local/lib/python3.12/site-packages/lightgbm/engine.py:172: UserWarning: Found `n_estimators` in params. Will use it instead of argument
  _log_warning(f"Found `{alias}` in params. Will use it instead of argument")
/home/mwoo423/.local/lib/python3.12/site-packages/lightgbm/engine.py:172: UserWarning: Found `n_estimators` in params. Will use it instead of argument
  _log_warning(f"Found `{alias}` in params. Will use it instead of argument")
/home/mwoo423/.local/lib/python3.12/site-packages/lightgbm/engine.py:172: UserWarning: Found `n_estimators` in params. Will use it instead of argument
  _log_warning(f"Found `{alias}` in params. Will use it instead of argument")
/home/mwoo423/.local/lib/python3.12/site-packages/lightgbm/engine.py:172: UserWarning: Found `n_estimators` in params. Will use it instead of argument
  _log_warning(f"Found `{alias}` in params. Will use it instead of argument")
/home/mwoo423/.local/lib/python3.12/site-packages/lightgbm/engine.py:172: UserWarning: Found `n_estimators` in params. Will use it instead of argument
  _log_warning(f"Found `{alias}` in params. Will use it instead of argument")
/home/mwoo423/.local/lib/python3.12/site-packages/lightgbm/engine.py:172: UserWarning: Found `n_estimators` in params. Will use it instead of argument
  _log_warning(f"Found `{alias}` in params. Will use it instead of argument")
/home/mwoo423/.local/lib/python3.12/site-packages/lightgbm/engine.py:172: UserWarning: Found `n_estimators` in params. Will use it instead of argument
  _log_warning(f"Found `{alias}` in params. Will use it instead of argument")
/home/mwoo423/.local/lib/python3.12/site-packages/lightgbm/engine.py:172: UserWarning: Found `n_estimators` in params. Will use it instead of argument
  _log_warning(f"Found `{alias}` in params. Will use it instead of argument")
2026-05-06 23:16:24,774 [INFO]     n_feat=22: CV logloss=0.6062 ±0.0027
/home/mwoo423/.local/lib/python3.12/site-packages/lightgbm/engine.py:172: UserWarning: Found `n_estimators` in params. Will use it instead of argument
  _log_warning(f"Found `{alias}` in params. Will use it instead of argument")
/home/mwoo423/.local/lib/python3.12/site-packages/lightgbm/engine.py:172: UserWarning: Found `n_estimators` in params. Will use it instead of argument
  _log_warning(f"Found `{alias}` in params. Will use it instead of argument")
/home/mwoo423/.local/lib/python3.12/site-packages/lightgbm/engine.py:172: UserWarning: Found `n_estimators` in params. Will use it instead of argument
  _log_warning(f"Found `{alias}` in params. Will use it instead of argument")
/home/mwoo423/.local/lib/python3.12/site-packages/lightgbm/engine.py:172: UserWarning: Found `n_estimators` in params. Will use it instead of argument
  _log_warning(f"Found `{alias}` in params. Will use it instead of argument")
/home/mwoo423/.local/lib/python3.12/site-packages/lightgbm/engine.py:172: UserWarning: Found `n_estimators` in params. Will use it instead of argument
  _log_warning(f"Found `{alias}` in params. Will use it instead of argument")
/home/mwoo423/.local/lib/python3.12/site-packages/lightgbm/engine.py:172: UserWarning: Found `n_estimators` in params. Will use it instead of argument
  _log_warning(f"Found `{alias}` in params. Will use it instead of argument")
/home/mwoo423/.local/lib/python3.12/site-packages/lightgbm/engine.py:172: UserWarning: Found `n_estimators` in params. Will use it instead of argument
  _log_warning(f"Found `{alias}` in params. Will use it instead of argument")
/home/mwoo423/.local/lib/python3.12/site-packages/lightgbm/engine.py:172: UserWarning: Found `n_estimators` in params. Will use it instead of argument
  _log_warning(f"Found `{alias}` in params. Will use it instead of argument")
/home/mwoo423/.local/lib/python3.12/site-packages/lightgbm/engine.py:172: UserWarning: Found `n_estimators` in params. Will use it instead of argument
  _log_warning(f"Found `{alias}` in params. Will use it instead of argument")
/home/mwoo423/.local/lib/python3.12/site-packages/lightgbm/engine.py:172: UserWarning: Found `n_estimators` in params. Will use it instead of argument
  _log_warning(f"Found `{alias}` in params. Will use it instead of argument")
/home/mwoo423/.local/lib/python3.12/site-packages/lightgbm/engine.py:172: UserWarning: Found `n_estimators` in params. Will use it instead of argument
  _log_warning(f"Found `{alias}` in params. Will use it instead of argument")
/home/mwoo423/.local/lib/python3.12/site-packages/lightgbm/engine.py:172: UserWarning: Found `n_estimators` in params. Will use it instead of argument
  _log_warning(f"Found `{alias}` in params. Will use it instead of argument")
/home/mwoo423/.local/lib/python3.12/site-packages/lightgbm/engine.py:172: UserWarning: Found `n_estimators` in params. Will use it instead of argument
  _log_warning(f"Found `{alias}` in params. Will use it instead of argument")
/home/mwoo423/.local/lib/python3.12/site-packages/lightgbm/engine.py:172: UserWarning: Found `n_estimators` in params. Will use it instead of argument
  _log_warning(f"Found `{alias}` in params. Will use it instead of argument")
/home/mwoo423/.local/lib/python3.12/site-packages/lightgbm/engine.py:172: UserWarning: Found `n_estimators` in params. Will use it instead of argument
  _log_warning(f"Found `{alias}` in params. Will use it instead of argument")
/home/mwoo423/.local/lib/python3.12/site-packages/lightgbm/engine.py:172: UserWarning: Found `n_estimators` in params. Will use it instead of argument
  _log_warning(f"Found `{alias}` in params. Will use it instead of argument")
/home/mwoo423/.local/lib/python3.12/site-packages/lightgbm/engine.py:172: UserWarning: Found `n_estimators` in params. Will use it instead of argument
  _log_warning(f"Found `{alias}` in params. Will use it instead of argument")
/home/mwoo423/.local/lib/python3.12/site-packages/lightgbm/engine.py:172: UserWarning: Found `n_estimators` in params. Will use it instead of argument
  _log_warning(f"Found `{alias}` in params. Will use it instead of argument")
/home/mwoo423/.local/lib/python3.12/site-packages/lightgbm/engine.py:172: UserWarning: Found `n_estimators` in params. Will use it instead of argument
  _log_warning(f"Found `{alias}` in params. Will use it instead of argument")
/home/mwoo423/.local/lib/python3.12/site-packages/lightgbm/engine.py:172: UserWarning: Found `n_estimators` in params. Will use it instead of argument
  _log_warning(f"Found `{alias}` in params. Will use it instead of argument")
/home/mwoo423/.local/lib/python3.12/site-packages/lightgbm/engine.py:172: UserWarning: Found `n_estimators` in params. Will use it instead of argument
  _log_warning(f"Found `{alias}` in params. Will use it instead of argument")
/home/mwoo423/.local/lib/python3.12/site-packages/lightgbm/engine.py:172: UserWarning: Found `n_estimators` in params. Will use it instead of argument
  _log_warning(f"Found `{alias}` in params. Will use it instead of argument")
/home/mwoo423/.local/lib/python3.12/site-packages/lightgbm/engine.py:172: UserWarning: Found `n_estimators` in params. Will use it instead of argument
  _log_warning(f"Found `{alias}` in params. Will use it instead of argument")
/home/mwoo423/.local/lib/python3.12/site-packages/lightgbm/engine.py:172: UserWarning: Found `n_estimators` in params. Will use it instead of argument
  _log_warning(f"Found `{alias}` in params. Will use it instead of argument")
/home/mwoo423/.local/lib/python3.12/site-packages/lightgbm/engine.py:172: UserWarning: Found `n_estimators` in params. Will use it instead of argument
  _log_warning(f"Found `{alias}` in params. Will use it instead of argument")
2026-05-06 23:16:26,473 [INFO]     n_feat=23: CV logloss=0.6073 ±0.0022
2026-05-06 23:16:26,473 [INFO]   ✅ S1: best n_feat=17, CV=0.5886
2026-05-06 23:16:26,473 [INFO] 
============================================================
2026-05-06 23:16:26,473 [INFO]   === S2 ===
/home/mwoo423/.local/lib/python3.12/site-packages/lightgbm/engine.py:172: UserWarning: Found `n_estimators` in params. Will use it instead of argument
  _log_warning(f"Found `{alias}` in params. Will use it instead of argument")
2026-05-06 23:16:26,719 [INFO]   Baseline: cfg=deep, n_feat=20, sweep range=[17, 18, 19, 20, 21, 22, 23]
/home/mwoo423/.local/lib/python3.12/site-packages/lightgbm/engine.py:172: UserWarning: Found `n_estimators` in params. Will use it instead of argument
  _log_warning(f"Found `{alias}` in params. Will use it instead of argument")
/home/mwoo423/.local/lib/python3.12/site-packages/lightgbm/engine.py:172: UserWarning: Found `n_estimators` in params. Will use it instead of argument
  _log_warning(f"Found `{alias}` in params. Will use it instead of argument")
/home/mwoo423/.local/lib/python3.12/site-packages/lightgbm/engine.py:172: UserWarning: Found `n_estimators` in params. Will use it instead of argument
  _log_warning(f"Found `{alias}` in params. Will use it instead of argument")
/home/mwoo423/.local/lib/python3.12/site-packages/lightgbm/engine.py:172: UserWarning: Found `n_estimators` in params. Will use it instead of argument
  _log_warning(f"Found `{alias}` in params. Will use it instead of argument")
/home/mwoo423/.local/lib/python3.12/site-packages/lightgbm/engine.py:172: UserWarning: Found `n_estimators` in params. Will use it instead of argument
  _log_warning(f"Found `{alias}` in params. Will use it instead of argument")
/home/mwoo423/.local/lib/python3.12/site-packages/lightgbm/engine.py:172: UserWarning: Found `n_estimators` in params. Will use it instead of argument
  _log_warning(f"Found `{alias}` in params. Will use it instead of argument")
/home/mwoo423/.local/lib/python3.12/site-packages/lightgbm/engine.py:172: UserWarning: Found `n_estimators` in params. Will use it instead of argument
  _log_warning(f"Found `{alias}` in params. Will use it instead of argument")
/home/mwoo423/.local/lib/python3.12/site-packages/lightgbm/engine.py:172: UserWarning: Found `n_estimators` in params. Will use it instead of argument
  _log_warning(f"Found `{alias}` in params. Will use it instead of argument")
/home/mwoo423/.local/lib/python3.12/site-packages/lightgbm/engine.py:172: UserWarning: Found `n_estimators` in params. Will use it instead of argument
  _log_warning(f"Found `{alias}` in params. Will use it instead of argument")
/home/mwoo423/.local/lib/python3.12/site-packages/lightgbm/engine.py:172: UserWarning: Found `n_estimators` in params. Will use it instead of argument
  _log_warning(f"Found `{alias}` in params. Will use it instead of argument")
/home/mwoo423/.local/lib/python3.12/site-packages/lightgbm/engine.py:172: UserWarning: Found `n_estimators` in params. Will use it instead of argument
  _log_warning(f"Found `{alias}` in params. Will use it instead of argument")
/home/mwoo423/.local/lib/python3.12/site-packages/lightgbm/engine.py:172: UserWarning: Found `n_estimators` in params. Will use it instead of argument
  _log_warning(f"Found `{alias}` in params. Will use it instead of argument")
/home/mwoo423/.local/lib/python3.12/site-packages/lightgbm/engine.py:172: UserWarning: Found `n_estimators` in params. Will use it instead of argument
  _log_warning(f"Found `{alias}` in params. Will use it instead of argument")
/home/mwoo423/.local/lib/python3.12/site-packages/lightgbm/engine.py:172: UserWarning: Found `n_estimators` in params. Will use it instead of argument
  _log_warning(f"Found `{alias}` in params. Will use it instead of argument")
/home/mwoo423/.local/lib/python3.12/site-packages/lightgbm/engine.py:172: UserWarning: Found `n_estimators` in params. Will use it instead of argument
  _log_warning(f"Found `{alias}` in params. Will use it instead of argument")
/home/mwoo423/.local/lib/python3.12/site-packages/lightgbm/engine.py:172: UserWarning: Found `n_estimators` in params. Will use it instead of argument
  _log_warning(f"Found `{alias}` in params. Will use it instead of argument")
/home/mwoo423/.local/lib/python3.12/site-packages/lightgbm/engine.py:172: UserWarning: Found `n_estimators` in params. Will use it instead of argument
  _log_warning(f"Found `{alias}` in params. Will use it instead of argument")
/home/mwoo423/.local/lib/python3.12/site-packages/lightgbm/engine.py:172: UserWarning: Found `n_estimators` in params. Will use it instead of argument
  _log_warning(f"Found `{alias}` in params. Will use it instead of argument")
/home/mwoo423/.local/lib/python3.12/site-packages/lightgbm/engine.py:172: UserWarning: Found `n_estimators` in params. Will use it instead of argument
  _log_warning(f"Found `{alias}` in params. Will use it instead of argument")
/home/mwoo423/.local/lib/python3.12/site-packages/lightgbm/engine.py:172: UserWarning: Found `n_estimators` in params. Will use it instead of argument
  _log_warning(f"Found `{alias}` in params. Will use it instead of argument")
/home/mwoo423/.local/lib/python3.12/site-packages/lightgbm/engine.py:172: UserWarning: Found `n_estimators` in params. Will use it instead of argument
  _log_warning(f"Found `{alias}` in params. Will use it instead of argument")
/home/mwoo423/.local/lib/python3.12/site-packages/lightgbm/engine.py:172: UserWarning: Found `n_estimators` in params. Will use it instead of argument
  _log_warning(f"Found `{alias}` in params. Will use it instead of argument")
/home/mwoo423/.local/lib/python3.12/site-packages/lightgbm/engine.py:172: UserWarning: Found `n_estimators` in params. Will use it instead of argument
  _log_warning(f"Found `{alias}` in params. Will use it instead of argument")
/home/mwoo423/.local/lib/python3.12/site-packages/lightgbm/engine.py:172: UserWarning: Found `n_estimators` in params. Will use it instead of argument
  _log_warning(f"Found `{alias}` in params. Will use it instead of argument")
/home/mwoo423/.local/lib/python3.12/site-packages/lightgbm/engine.py:172: UserWarning: Found `n_estimators` in params. Will use it instead of argument
  _log_warning(f"Found `{alias}` in params. Will use it instead of argument")
2026-05-06 23:16:32,617 [INFO]     n_feat=17: CV logloss=0.7271 ±0.0039 ← BEST
/home/mwoo423/.local/lib/python3.12/site-packages/lightgbm/engine.py:172: UserWarning: Found `n_estimators` in params. Will use it instead of argument
  _log_warning(f"Found `{alias}` in params. Will use it instead of argument")
/home/mwoo423/.local/lib/python3.12/site-packages/lightgbm/engine.py:172: UserWarning: Found `n_estimators` in params. Will use it instead of argument
  _log_warning(f"Found `{alias}` in params. Will use it instead of argument")
/home/mwoo423/.local/lib/python3.12/site-packages/lightgbm/engine.py:172: UserWarning: Found `n_estimators` in params. Will use it instead of argument
  _log_warning(f"Found `{alias}` in params. Will use it instead of argument")
/home/mwoo423/.local/lib/python3.12/site-packages/lightgbm/engine.py:172: UserWarning: Found `n_estimators` in params. Will use it instead of argument
  _log_warning(f"Found `{alias}` in params. Will use it instead of argument")
/home/mwoo423/.local/lib/python3.12/site-packages/lightgbm/engine.py:172: UserWarning: Found `n_estimators` in params. Will use it instead of argument
  _log_warning(f"Found `{alias}` in params. Will use it instead of argument")
/home/mwoo423/.local/lib/python3.12/site-packages/lightgbm/engine.py:172: UserWarning: Found `n_estimators` in params. Will use it instead of argument
  _log_warning(f"Found `{alias}` in params. Will use it instead of argument")
/home/mwoo423/.local/lib/python3.12/site-packages/lightgbm/engine.py:172: UserWarning: Found `n_estimators` in params. Will use it instead of argument
  _log_warning(f"Found `{alias}` in params. Will use it instead of argument")
/home/mwoo423/.local/lib/python3.12/site-packages/lightgbm/engine.py:172: UserWarning: Found `n_estimators` in params. Will use it instead of argument
  _log_warning(f"Found `{alias}` in params. Will use it instead of argument")
/home/mwoo423/.local/lib/python3.12/site-packages/lightgbm/engine.py:172: UserWarning: Found `n_estimators` in params. Will use it instead of argument
  _log_warning(f"Found `{alias}` in params. Will use it instead of argument")
/home/mwoo423/.local/lib/python3.12/site-packages/lightgbm/engine.py:172: UserWarning: Found `n_estimators` in params. Will use it instead of argument
  _log_warning(f"Found `{alias}` in params. Will use it instead of argument")
/home/mwoo423/.local/lib/python3.12/site-packages/lightgbm/engine.py:172: UserWarning: Found `n_estimators` in params. Will use it instead of argument
  _log_warning(f"Found `{alias}` in params. Will use it instead of argument")
/home/mwoo423/.local/lib/python3.12/site-packages/lightgbm/engine.py:172: UserWarning: Found `n_estimators` in params. Will use it instead of argument
  _log_warning(f"Found `{alias}` in params. Will use it instead of argument")
/home/mwoo423/.local/lib/python3.12/site-packages/lightgbm/engine.py:172: UserWarning: Found `n_estimators` in params. Will use it instead of argument
  _log_warning(f"Found `{alias}` in params. Will use it instead of argument")
/home/mwoo423/.local/lib/python3.12/site-packages/lightgbm/engine.py:172: UserWarning: Found `n_estimators` in params. Will use it instead of argument
  _log_warning(f"Found `{alias}` in params. Will use it instead of argument")
/home/mwoo423/.local/lib/python3.12/site-packages/lightgbm/engine.py:172: UserWarning: Found `n_estimators` in params. Will use it instead of argument
  _log_warning(f"Found `{alias}` in params. Will use it instead of argument")
/home/mwoo423/.local/lib/python3.12/site-packages/lightgbm/engine.py:172: UserWarning: Found `n_estimators` in params. Will use it instead of argument
  _log_warning(f"Found `{alias}` in params. Will use it instead of argument")
/home/mwoo423/.local/lib/python3.12/site-packages/lightgbm/engine.py:172: UserWarning: Found `n_estimators` in params. Will use it instead of argument
  _log_warning(f"Found `{alias}` in params. Will use it instead of argument")
/home/mwoo423/.local/lib/python3.12/site-packages/lightgbm/engine.py:172: UserWarning: Found `n_estimators` in params. Will use it instead of argument
  _log_warning(f"Found `{alias}` in params. Will use it instead of argument")
/home/mwoo423/.local/lib/python3.12/site-packages/lightgbm/engine.py:172: UserWarning: Found `n_estimators` in params. Will use it instead of argument
  _log_warning(f"Found `{alias}` in params. Will use it instead of argument")
/home/mwoo423/.local/lib/python3.12/site-packages/lightgbm/engine.py:172: UserWarning: Found `n_estimators` in params. Will use it instead of argument
  _log_warning(f"Found `{alias}` in params. Will use it instead of argument")
/home/mwoo423/.local/lib/python3.12/site-packages/lightgbm/engine.py:172: UserWarning: Found `n_estimators` in params. Will use it instead of argument
  _log_warning(f"Found `{alias}` in params. Will use it instead of argument")
/home/mwoo423/.local/lib/python3.12/site-packages/lightgbm/engine.py:172: UserWarning: Found `n_estimators` in params. Will use it instead of argument
  _log_warning(f"Found `{alias}` in params. Will use it instead of argument")
/home/mwoo423/.local/lib/python3.12/site-packages/lightgbm/engine.py:172: UserWarning: Found `n_estimators` in params. Will use it instead of argument
  _log_warning(f"Found `{alias}` in params. Will use it instead of argument")
/home/mwoo423/.local/lib/python3.12/site-packages/lightgbm/engine.py:172: UserWarning: Found `n_estimators` in params. Will use it instead of argument
  _log_warning(f"Found `{alias}` in params. Will use it instead of argument")
/home/mwoo423/.local/lib/python3.12/site-packages/lightgbm/engine.py:172: UserWarning: Found `n_estimators` in params. Will use it instead of argument
  _log_warning(f"Found `{alias}` in params. Will use it instead of argument")
2026-05-06 23:16:38,755 [INFO]     n_feat=18: CV logloss=0.7086 ±0.0034 ← BEST
/home/mwoo423/.local/lib/python3.12/site-packages/lightgbm/engine.py:172: UserWarning: Found `n_estimators` in params. Will use it instead of argument
  _log_warning(f"Found `{alias}` in params. Will use it instead of argument")
/home/mwoo423/.local/lib/python3.12/site-packages/lightgbm/engine.py:172: UserWarning: Found `n_estimators` in params. Will use it instead of argument
  _log_warning(f"Found `{alias}` in params. Will use it instead of argument")
/home/mwoo423/.local/lib/python3.12/site-packages/lightgbm/engine.py:172: UserWarning: Found `n_estimators` in params. Will use it instead of argument
  _log_warning(f"Found `{alias}` in params. Will use it instead of argument")
/home/mwoo423/.local/lib/python3.12/site-packages/lightgbm/engine.py:172: UserWarning: Found `n_estimators` in params. Will use it instead of argument
  _log_warning(f"Found `{alias}` in params. Will use it instead of argument")
/home/mwoo423/.local/lib/python3.12/site-packages/lightgbm/engine.py:172: UserWarning: Found `n_estimators` in params. Will use it instead of argument
  _log_warning(f"Found `{alias}` in params. Will use it instead of argument")
/home/mwoo423/.local/lib/python3.12/site-packages/lightgbm/engine.py:172: UserWarning: Found `n_estimators` in params. Will use it instead of argument
  _log_warning(f"Found `{alias}` in params. Will use it instead of argument")
/home/mwoo423/.local/lib/python3.12/site-packages/lightgbm/engine.py:172: UserWarning: Found `n_estimators` in params. Will use it instead of argument
  _log_warning(f"Found `{alias}` in params. Will use it instead of argument")
/home/mwoo423/.local/lib/python3.12/site-packages/lightgbm/engine.py:172: UserWarning: Found `n_estimators` in params. Will use it instead of argument
  _log_warning(f"Found `{alias}` in params. Will use it instead of argument")
/home/mwoo423/.local/lib/python3.12/site-packages/lightgbm/engine.py:172: UserWarning: Found `n_estimators` in params. Will use it instead of argument
  _log_warning(f"Found `{alias}` in params. Will use it instead of argument")
/home/mwoo423/.local/lib/python3.12/site-packages/lightgbm/engine.py:172: UserWarning: Found `n_estimators` in params. Will use it instead of argument
  _log_warning(f"Found `{alias}` in params. Will use it instead of argument")
/home/mwoo423/.local/lib/python3.12/site-packages/lightgbm/engine.py:172: UserWarning: Found `n_estimators` in params. Will use it instead of argument
  _log_warning(f"Found `{alias}` in params. Will use it instead of argument")
/home/mwoo423/.local/lib/python3.12/site-packages/lightgbm/engine.py:172: UserWarning: Found `n_estimators` in params. Will use it instead of argument
  _log_warning(f"Found `{alias}` in params. Will use it instead of argument")
/home/mwoo423/.local/lib/python3.12/site-packages/lightgbm/engine.py:172: UserWarning: Found `n_estimators` in params. Will use it instead of argument
  _log_warning(f"Found `{alias}` in params. Will use it instead of argument")
/home/mwoo423/.local/lib/python3.12/site-packages/lightgbm/engine.py:172: UserWarning: Found `n_estimators` in params. Will use it instead of argument
  _log_warning(f"Found `{alias}` in params. Will use it instead of argument")
/home/mwoo423/.local/lib/python3.12/site-packages/lightgbm/engine.py:172: UserWarning: Found `n_estimators` in params. Will use it instead of argument
  _log_warning(f"Found `{alias}` in params. Will use it instead of argument")
/home/mwoo423/.local/lib/python3.12/site-packages/lightgbm/engine.py:172: UserWarning: Found `n_estimators` in params. Will use it instead of argument
  _log_warning(f"Found `{alias}` in params. Will use it instead of argument")
/home/mwoo423/.local/lib/python3.12/site-packages/lightgbm/engine.py:172: UserWarning: Found `n_estimators` in params. Will use it instead of argument
  _log_warning(f"Found `{alias}` in params. Will use it instead of argument")
/home/mwoo423/.local/lib/python3.12/site-packages/lightgbm/engine.py:172: UserWarning: Found `n_estimators` in params. Will use it instead of argument
  _log_warning(f"Found `{alias}` in params. Will use it instead of argument")
/home/mwoo423/.local/lib/python3.12/site-packages/lightgbm/engine.py:172: UserWarning: Found `n_estimators` in params. Will use it instead of argument
  _log_warning(f"Found `{alias}` in params. Will use it instead of argument")
/home/mwoo423/.local/lib/python3.12/site-packages/lightgbm/engine.py:172: UserWarning: Found `n_estimators` in params. Will use it instead of argument
  _log_warning(f"Found `{alias}` in params. Will use it instead of argument")
/home/mwoo423/.local/lib/python3.12/site-packages/lightgbm/engine.py:172: UserWarning: Found `n_estimators` in params. Will use it instead of argument
  _log_warning(f"Found `{alias}` in params. Will use it instead of argument")
/home/mwoo423/.local/lib/python3.12/site-packages/lightgbm/engine.py:172: UserWarning: Found `n_estimators` in params. Will use it instead of argument
  _log_warning(f"Found `{alias}` in params. Will use it instead of argument")
/home/mwoo423/.local/lib/python3.12/site-packages/lightgbm/engine.py:172: UserWarning: Found `n_estimators` in params. Will use it instead of argument
  _log_warning(f"Found `{alias}` in params. Will use it instead of argument")
/home/mwoo423/.local/lib/python3.12/site-packages/lightgbm/engine.py:172: UserWarning: Found `n_estimators` in params. Will use it instead of argument
  _log_warning(f"Found `{alias}` in params. Will use it instead of argument")
/home/mwoo423/.local/lib/python3.12/site-packages/lightgbm/engine.py:172: UserWarning: Found `n_estimators` in params. Will use it instead of argument
  _log_warning(f"Found `{alias}` in params. Will use it instead of argument")
2026-05-06 23:16:44,968 [INFO]     n_feat=19: CV logloss=0.6799 ±0.0039 ← BEST
/home/mwoo423/.local/lib/python3.12/site-packages/lightgbm/engine.py:172: UserWarning: Found `n_estimators` in params. Will use it instead of argument
  _log_warning(f"Found `{alias}` in params. Will use it instead of argument")
/home/mwoo423/.local/lib/python3.12/site-packages/lightgbm/engine.py:172: UserWarning: Found `n_estimators` in params. Will use it instead of argument
  _log_warning(f"Found `{alias}` in params. Will use it instead of argument")
/home/mwoo423/.local/lib/python3.12/site-packages/lightgbm/engine.py:172: UserWarning: Found `n_estimators` in params. Will use it instead of argument
  _log_warning(f"Found `{alias}` in params. Will use it instead of argument")
/home/mwoo423/.local/lib/python3.12/site-packages/lightgbm/engine.py:172: UserWarning: Found `n_estimators` in params. Will use it instead of argument
  _log_warning(f"Found `{alias}` in params. Will use it instead of argument")
/home/mwoo423/.local/lib/python3.12/site-packages/lightgbm/engine.py:172: UserWarning: Found `n_estimators` in params. Will use it instead of argument
  _log_warning(f"Found `{alias}` in params. Will use it instead of argument")
/home/mwoo423/.local/lib/python3.12/site-packages/lightgbm/engine.py:172: UserWarning: Found `n_estimators` in params. Will use it instead of argument
  _log_warning(f"Found `{alias}` in params. Will use it instead of argument")
/home/mwoo423/.local/lib/python3.12/site-packages/lightgbm/engine.py:172: UserWarning: Found `n_estimators` in params. Will use it instead of argument
  _log_warning(f"Found `{alias}` in params. Will use it instead of argument")
/home/mwoo423/.local/lib/python3.12/site-packages/lightgbm/engine.py:172: UserWarning: Found `n_estimators` in params. Will use it instead of argument
  _log_warning(f"Found `{alias}` in params. Will use it instead of argument")
/home/mwoo423/.local/lib/python3.12/site-packages/lightgbm/engine.py:172: UserWarning: Found `n_estimators` in params. Will use it instead of argument
  _log_warning(f"Found `{alias}` in params. Will use it instead of argument")
/home/mwoo423/.local/lib/python3.12/site-packages/lightgbm/engine.py:172: UserWarning: Found `n_estimators` in params. Will use it instead of argument
  _log_warning(f"Found `{alias}` in params. Will use it instead of argument")
/home/mwoo423/.local/lib/python3.12/site-packages/lightgbm/engine.py:172: UserWarning: Found `n_estimators` in params. Will use it instead of argument
  _log_warning(f"Found `{alias}` in params. Will use it instead of argument")
/home/mwoo423/.local/lib/python3.12/site-packages/lightgbm/engine.py:172: UserWarning: Found `n_estimators` in params. Will use it instead of argument
  _log_warning(f"Found `{alias}` in params. Will use it instead of argument")
/home/mwoo423/.local/lib/python3.12/site-packages/lightgbm/engine.py:172: UserWarning: Found `n_estimators` in params. Will use it instead of argument
  _log_warning(f"Found `{alias}` in params. Will use it instead of argument")
/home/mwoo423/.local/lib/python3.12/site-packages/lightgbm/engine.py:172: UserWarning: Found `n_estimators` in params. Will use it instead of argument
  _log_warning(f"Found `{alias}` in params. Will use it instead of argument")
/home/mwoo423/.local/lib/python3.12/site-packages/lightgbm/engine.py:172: UserWarning: Found `n_estimators` in params. Will use it instead of argument
  _log_warning(f"Found `{alias}` in params. Will use it instead of argument")
/home/mwoo423/.local/lib/python3.12/site-packages/lightgbm/engine.py:172: UserWarning: Found `n_estimators` in params. Will use it instead of argument
  _log_warning(f"Found `{alias}` in params. Will use it instead of argument")
/home/mwoo423/.local/lib/python3.12/site-packages/lightgbm/engine.py:172: UserWarning: Found `n_estimators` in params. Will use it instead of argument
  _log_warning(f"Found `{alias}` in params. Will use it instead of argument")
/home/mwoo423/.local/lib/python3.12/site-packages/lightgbm/engine.py:172: UserWarning: Found `n_estimators` in params. Will use it instead of argument
  _log_warning(f"Found `{alias}` in params. Will use it instead of argument")
/home/mwoo423/.local/lib/python3.12/site-packages/lightgbm/engine.py:172: UserWarning: Found `n_estimators` in params. Will use it instead of argument
  _log_warning(f"Found `{alias}` in params. Will use it instead of argument")
/home/mwoo423/.local/lib/python3.12/site-packages/lightgbm/engine.py:172: UserWarning: Found `n_estimators` in params. Will use it instead of argument
  _log_warning(f"Found `{alias}` in params. Will use it instead of argument")
/home/mwoo423/.local/lib/python3.12/site-packages/lightgbm/engine.py:172: UserWarning: Found `n_estimators` in params. Will use it instead of argument
  _log_warning(f"Found `{alias}` in params. Will use it instead of argument")
/home/mwoo423/.local/lib/python3.12/site-packages/lightgbm/engine.py:172: UserWarning: Found `n_estimators` in params. Will use it instead of argument
  _log_warning(f"Found `{alias}` in params. Will use it instead of argument")
/home/mwoo423/.local/lib/python3.12/site-packages/lightgbm/engine.py:172: UserWarning: Found `n_estimators` in params. Will use it instead of argument
  _log_warning(f"Found `{alias}` in params. Will use it instead of argument")
/home/mwoo423/.local/lib/python3.12/site-packages/lightgbm/engine.py:172: UserWarning: Found `n_estimators` in params. Will use it instead of argument
  _log_warning(f"Found `{alias}` in params. Will use it instead of argument")
/home/mwoo423/.local/lib/python3.12/site-packages/lightgbm/engine.py:172: UserWarning: Found `n_estimators` in params. Will use it instead of argument
  _log_warning(f"Found `{alias}` in params. Will use it instead of argument")
2026-05-06 23:16:51,409 [INFO]     n_feat=20: CV logloss=0.6533 ±0.0060 ← BEST
/home/mwoo423/.local/lib/python3.12/site-packages/lightgbm/engine.py:172: UserWarning: Found `n_estimators` in params. Will use it instead of argument
  _log_warning(f"Found `{alias}` in params. Will use it instead of argument")
/home/mwoo423/.local/lib/python3.12/site-packages/lightgbm/engine.py:172: UserWarning: Found `n_estimators` in params. Will use it instead of argument
  _log_warning(f"Found `{alias}` in params. Will use it instead of argument")
/home/mwoo423/.local/lib/python3.12/site-packages/lightgbm/engine.py:172: UserWarning: Found `n_estimators` in params. Will use it instead of argument
  _log_warning(f"Found `{alias}` in params. Will use it instead of argument")
/home/mwoo423/.local/lib/python3.12/site-packages/lightgbm/engine.py:172: UserWarning: Found `n_estimators` in params. Will use it instead of argument
  _log_warning(f"Found `{alias}` in params. Will use it instead of argument")
/home/mwoo423/.local/lib/python3.12/site-packages/lightgbm/engine.py:172: UserWarning: Found `n_estimators` in params. Will use it instead of argument
  _log_warning(f"Found `{alias}` in params. Will use it instead of argument")
/home/mwoo423/.local/lib/python3.12/site-packages/lightgbm/engine.py:172: UserWarning: Found `n_estimators` in params. Will use it instead of argument
  _log_warning(f"Found `{alias}` in params. Will use it instead of argument")
/home/mwoo423/.local/lib/python3.12/site-packages/lightgbm/engine.py:172: UserWarning: Found `n_estimators` in params. Will use it instead of argument
  _log_warning(f"Found `{alias}` in params. Will use it instead of argument")
/home/mwoo423/.local/lib/python3.12/site-packages/lightgbm/engine.py:172: UserWarning: Found `n_estimators` in params. Will use it instead of argument
  _log_warning(f"Found `{alias}` in params. Will use it instead of argument")
/home/mwoo423/.local/lib/python3.12/site-packages/lightgbm/engine.py:172: UserWarning: Found `n_estimators` in params. Will use it instead of argument
  _log_warning(f"Found `{alias}` in params. Will use it instead of argument")
/home/mwoo423/.local/lib/python3.12/site-packages/lightgbm/engine.py:172: UserWarning: Found `n_estimators` in params. Will use it instead of argument
  _log_warning(f"Found `{alias}` in params. Will use it instead of argument")
/home/mwoo423/.local/lib/python3.12/site-packages/lightgbm/engine.py:172: UserWarning: Found `n_estimators` in params. Will use it instead of argument
  _log_warning(f"Found `{alias}` in params. Will use it instead of argument")
/home/mwoo423/.local/lib/python3.12/site-packages/lightgbm/engine.py:172: UserWarning: Found `n_estimators` in params. Will use it instead of argument
  _log_warning(f"Found `{alias}` in params. Will use it instead of argument")
/home/mwoo423/.local/lib/python3.12/site-packages/lightgbm/engine.py:172: UserWarning: Found `n_estimators` in params. Will use it instead of argument
  _log_warning(f"Found `{alias}` in params. Will use it instead of argument")
/home/mwoo423/.local/lib/python3.12/site-packages/lightgbm/engine.py:172: UserWarning: Found `n_estimators` in params. Will use it instead of argument
  _log_warning(f"Found `{alias}` in params. Will use it instead of argument")
/home/mwoo423/.local/lib/python3.12/site-packages/lightgbm/engine.py:172: UserWarning: Found `n_estimators` in params. Will use it instead of argument
  _log_warning(f"Found `{alias}` in params. Will use it instead of argument")
/home/mwoo423/.local/lib/python3.12/site-packages/lightgbm/engine.py:172: UserWarning: Found `n_estimators` in params. Will use it instead of argument
  _log_warning(f"Found `{alias}` in params. Will use it instead of argument")
/home/mwoo423/.local/lib/python3.12/site-packages/lightgbm/engine.py:172: UserWarning: Found `n_estimators` in params. Will use it instead of argument
  _log_warning(f"Found `{alias}` in params. Will use it instead of argument")
/home/mwoo423/.local/lib/python3.12/site-packages/lightgbm/engine.py:172: UserWarning: Found `n_estimators` in params. Will use it instead of argument
  _log_warning(f"Found `{alias}` in params. Will use it instead of argument")
/home/mwoo423/.local/lib/python3.12/site-packages/lightgbm/engine.py:172: UserWarning: Found `n_estimators` in params. Will use it instead of argument
  _log_warning(f"Found `{alias}` in params. Will use it instead of argument")
/home/mwoo423/.local/lib/python3.12/site-packages/lightgbm/engine.py:172: UserWarning: Found `n_estimators` in params. Will use it instead of argument
  _log_warning(f"Found `{alias}` in params. Will use it instead of argument")
/home/mwoo423/.local/lib/python3.12/site-packages/lightgbm/engine.py:172: UserWarning: Found `n_estimators` in params. Will use it instead of argument
  _log_warning(f"Found `{alias}` in params. Will use it instead of argument")
/home/mwoo423/.local/lib/python3.12/site-packages/lightgbm/engine.py:172: UserWarning: Found `n_estimators` in params. Will use it instead of argument
  _log_warning(f"Found `{alias}` in params. Will use it instead of argument")
/home/mwoo423/.local/lib/python3.12/site-packages/lightgbm/engine.py:172: UserWarning: Found `n_estimators` in params. Will use it instead of argument
  _log_warning(f"Found `{alias}` in params. Will use it instead of argument")
/home/mwoo423/.local/lib/python3.12/site-packages/lightgbm/engine.py:172: UserWarning: Found `n_estimators` in params. Will use it instead of argument
  _log_warning(f"Found `{alias}` in params. Will use it instead of argument")
/home/mwoo423/.local/lib/python3.12/site-packages/lightgbm/engine.py:172: UserWarning: Found `n_estimators` in params. Will use it instead of argument
  _log_warning(f"Found `{alias}` in params. Will use it instead of argument")
2026-05-06 23:16:57,995 [INFO]     n_feat=21: CV logloss=0.6758 ±0.0053
/home/mwoo423/.local/lib/python3.12/site-packages/lightgbm/engine.py:172: UserWarning: Found `n_estimators` in params. Will use it instead of argument
  _log_warning(f"Found `{alias}` in params. Will use it instead of argument")
/home/mwoo423/.local/lib/python3.12/site-packages/lightgbm/engine.py:172: UserWarning: Found `n_estimators` in params. Will use it instead of argument
  _log_warning(f"Found `{alias}` in params. Will use it instead of argument")
/home/mwoo423/.local/lib/python3.12/site-packages/lightgbm/engine.py:172: UserWarning: Found `n_estimators` in params. Will use it instead of argument
  _log_warning(f"Found `{alias}` in params. Will use it instead of argument")
/home/mwoo423/.local/lib/python3.12/site-packages/lightgbm/engine.py:172: UserWarning: Found `n_estimators` in params. Will use it instead of argument
  _log_warning(f"Found `{alias}` in params. Will use it instead of argument")
/home/mwoo423/.local/lib/python3.12/site-packages/lightgbm/engine.py:172: UserWarning: Found `n_estimators` in params. Will use it instead of argument
  _log_warning(f"Found `{alias}` in params. Will use it instead of argument")
/home/mwoo423/.local/lib/python3.12/site-packages/lightgbm/engine.py:172: UserWarning: Found `n_estimators` in params. Will use it instead of argument
  _log_warning(f"Found `{alias}` in params. Will use it instead of argument")
/home/mwoo423/.local/lib/python3.12/site-packages/lightgbm/engine.py:172: UserWarning: Found `n_estimators` in params. Will use it instead of argument
  _log_warning(f"Found `{alias}` in params. Will use it instead of argument")
/home/mwoo423/.local/lib/python3.12/site-packages/lightgbm/engine.py:172: UserWarning: Found `n_estimators` in params. Will use it instead of argument
  _log_warning(f"Found `{alias}` in params. Will use it instead of argument")
/home/mwoo423/.local/lib/python3.12/site-packages/lightgbm/engine.py:172: UserWarning: Found `n_estimators` in params. Will use it instead of argument
  _log_warning(f"Found `{alias}` in params. Will use it instead of argument")
/home/mwoo423/.local/lib/python3.12/site-packages/lightgbm/engine.py:172: UserWarning: Found `n_estimators` in params. Will use it instead of argument
  _log_warning(f"Found `{alias}` in params. Will use it instead of argument")
/home/mwoo423/.local/lib/python3.12/site-packages/lightgbm/engine.py:172: UserWarning: Found `n_estimators` in params. Will use it instead of argument
  _log_warning(f"Found `{alias}` in params. Will use it instead of argument")
/home/mwoo423/.local/lib/python3.12/site-packages/lightgbm/engine.py:172: UserWarning: Found `n_estimators` in params. Will use it instead of argument
  _log_warning(f"Found `{alias}` in params. Will use it instead of argument")
/home/mwoo423/.local/lib/python3.12/site-packages/lightgbm/engine.py:172: UserWarning: Found `n_estimators` in params. Will use it instead of argument
  _log_warning(f"Found `{alias}` in params. Will use it instead of argument")
/home/mwoo423/.local/lib/python3.12/site-packages/lightgbm/engine.py:172: UserWarning: Found `n_estimators` in params. Will use it instead of argument
  _log_warning(f"Found `{alias}` in params. Will use it instead of argument")
/home/mwoo423/.local/lib/python3.12/site-packages/lightgbm/engine.py:172: UserWarning: Found `n_estimators` in params. Will use it instead of argument
  _log_warning(f"Found `{alias}` in params. Will use it instead of argument")
/home/mwoo423/.local/lib/python3.12/site-packages/lightgbm/engine.py:172: UserWarning: Found `n_estimators` in params. Will use it instead of argument
  _log_warning(f"Found `{alias}` in params. Will use it instead of argument")
/home/mwoo423/.local/lib/python3.12/site-packages/lightgbm/engine.py:172: UserWarning: Found `n_estimators` in params. Will use it instead of argument
  _log_warning(f"Found `{alias}` in params. Will use it instead of argument")
/home/mwoo423/.local/lib/python3.12/site-packages/lightgbm/engine.py:172: UserWarning: Found `n_estimators` in params. Will use it instead of argument
  _log_warning(f"Found `{alias}` in params. Will use it instead of argument")
/home/mwoo423/.local/lib/python3.12/site-packages/lightgbm/engine.py:172: UserWarning: Found `n_estimators` in params. Will use it instead of argument
  _log_warning(f"Found `{alias}` in params. Will use it instead of argument")
/home/mwoo423/.local/lib/python3.12/site-packages/lightgbm/engine.py:172: UserWarning: Found `n_estimators` in params. Will use it instead of argument
  _log_warning(f"Found `{alias}` in params. Will use it instead of argument")
/home/mwoo423/.local/lib/python3.12/site-packages/lightgbm/engine.py:172: UserWarning: Found `n_estimators` in params. Will use it instead of argument
  _log_warning(f"Found `{alias}` in params. Will use it instead of argument")
/home/mwoo423/.local/lib/python3.12/site-packages/lightgbm/engine.py:172: UserWarning: Found `n_estimators` in params. Will use it instead of argument
  _log_warning(f"Found `{alias}` in params. Will use it instead of argument")
/home/mwoo423/.local/lib/python3.12/site-packages/lightgbm/engine.py:172: UserWarning: Found `n_estimators` in params. Will use it instead of argument
  _log_warning(f"Found `{alias}` in params. Will use it instead of argument")
/home/mwoo423/.local/lib/python3.12/site-packages/lightgbm/engine.py:172: UserWarning: Found `n_estimators` in params. Will use it instead of argument
  _log_warning(f"Found `{alias}` in params. Will use it instead of argument")
/home/mwoo423/.local/lib/python3.12/site-packages/lightgbm/engine.py:172: UserWarning: Found `n_estimators` in params. Will use it instead of argument
  _log_warning(f"Found `{alias}` in params. Will use it instead of argument")
2026-05-06 23:17:04,857 [INFO]     n_feat=22: CV logloss=0.6906 ±0.0037
/home/mwoo423/.local/lib/python3.12/site-packages/lightgbm/engine.py:172: UserWarning: Found `n_estimators` in params. Will use it instead of argument
  _log_warning(f"Found `{alias}` in params. Will use it instead of argument")
/home/mwoo423/.local/lib/python3.12/site-packages/lightgbm/engine.py:172: UserWarning: Found `n_estimators` in params. Will use it instead of argument
  _log_warning(f"Found `{alias}` in params. Will use it instead of argument")
/home/mwoo423/.local/lib/python3.12/site-packages/lightgbm/engine.py:172: UserWarning: Found `n_estimators` in params. Will use it instead of argument
  _log_warning(f"Found `{alias}` in params. Will use it instead of argument")
/home/mwoo423/.local/lib/python3.12/site-packages/lightgbm/engine.py:172: UserWarning: Found `n_estimators` in params. Will use it instead of argument
  _log_warning(f"Found `{alias}` in params. Will use it instead of argument")
/home/mwoo423/.local/lib/python3.12/site-packages/lightgbm/engine.py:172: UserWarning: Found `n_estimators` in params. Will use it instead of argument
  _log_warning(f"Found `{alias}` in params. Will use it instead of argument")
/home/mwoo423/.local/lib/python3.12/site-packages/lightgbm/engine.py:172: UserWarning: Found `n_estimators` in params. Will use it instead of argument
  _log_warning(f"Found `{alias}` in params. Will use it instead of argument")
/home/mwoo423/.local/lib/python3.12/site-packages/lightgbm/engine.py:172: UserWarning: Found `n_estimators` in params. Will use it instead of argument
  _log_warning(f"Found `{alias}` in params. Will use it instead of argument")
/home/mwoo423/.local/lib/python3.12/site-packages/lightgbm/engine.py:172: UserWarning: Found `n_estimators` in params. Will use it instead of argument
  _log_warning(f"Found `{alias}` in params. Will use it instead of argument")
/home/mwoo423/.local/lib/python3.12/site-packages/lightgbm/engine.py:172: UserWarning: Found `n_estimators` in params. Will use it instead of argument
  _log_warning(f"Found `{alias}` in params. Will use it instead of argument")
/home/mwoo423/.local/lib/python3.12/site-packages/lightgbm/engine.py:172: UserWarning: Found `n_estimators` in params. Will use it instead of argument
  _log_warning(f"Found `{alias}` in params. Will use it instead of argument")
/home/mwoo423/.local/lib/python3.12/site-packages/lightgbm/engine.py:172: UserWarning: Found `n_estimators` in params. Will use it instead of argument
  _log_warning(f"Found `{alias}` in params. Will use it instead of argument")
/home/mwoo423/.local/lib/python3.12/site-packages/lightgbm/engine.py:172: UserWarning: Found `n_estimators` in params. Will use it instead of argument
  _log_warning(f"Found `{alias}` in params. Will use it instead of argument")
/home/mwoo423/.local/lib/python3.12/site-packages/lightgbm/engine.py:172: UserWarning: Found `n_estimators` in params. Will use it instead of argument
  _log_warning(f"Found `{alias}` in params. Will use it instead of argument")
/home/mwoo423/.local/lib/python3.12/site-packages/lightgbm/engine.py:172: UserWarning: Found `n_estimators` in params. Will use it instead of argument
  _log_warning(f"Found `{alias}` in params. Will use it instead of argument")
/home/mwoo423/.local/lib/python3.12/site-packages/lightgbm/engine.py:172: UserWarning: Found `n_estimators` in params. Will use it instead of argument
  _log_warning(f"Found `{alias}` in params. Will use it instead of argument")
/home/mwoo423/.local/lib/python3.12/site-packages/lightgbm/engine.py:172: UserWarning: Found `n_estimators` in params. Will use it instead of argument
  _log_warning(f"Found `{alias}` in params. Will use it instead of argument")
/home/mwoo423/.local/lib/python3.12/site-packages/lightgbm/engine.py:172: UserWarning: Found `n_estimators` in params. Will use it instead of argument
  _log_warning(f"Found `{alias}` in params. Will use it instead of argument")
/home/mwoo423/.local/lib/python3.12/site-packages/lightgbm/engine.py:172: UserWarning: Found `n_estimators` in params. Will use it instead of argument
  _log_warning(f"Found `{alias}` in params. Will use it instead of argument")
/home/mwoo423/.local/lib/python3.12/site-packages/lightgbm/engine.py:172: UserWarning: Found `n_estimators` in params. Will use it instead of argument
  _log_warning(f"Found `{alias}` in params. Will use it instead of argument")
/home/mwoo423/.local/lib/python3.12/site-packages/lightgbm/engine.py:172: UserWarning: Found `n_estimators` in params. Will use it instead of argument
  _log_warning(f"Found `{alias}` in params. Will use it instead of argument")
/home/mwoo423/.local/lib/python3.12/site-packages/lightgbm/engine.py:172: UserWarning: Found `n_estimators` in params. Will use it instead of argument
  _log_warning(f"Found `{alias}` in params. Will use it instead of argument")
/home/mwoo423/.local/lib/python3.12/site-packages/lightgbm/engine.py:172: UserWarning: Found `n_estimators` in params. Will use it instead of argument
  _log_warning(f"Found `{alias}` in params. Will use it instead of argument")
/home/mwoo423/.local/lib/python3.12/site-packages/lightgbm/engine.py:172: UserWarning: Found `n_estimators` in params. Will use it instead of argument
  _log_warning(f"Found `{alias}` in params. Will use it instead of argument")
/home/mwoo423/.local/lib/python3.12/site-packages/lightgbm/engine.py:172: UserWarning: Found `n_estimators` in params. Will use it instead of argument
  _log_warning(f"Found `{alias}` in params. Will use it instead of argument")
/home/mwoo423/.local/lib/python3.12/site-packages/lightgbm/engine.py:172: UserWarning: Found `n_estimators` in params. Will use it instead of argument
  _log_warning(f"Found `{alias}` in params. Will use it instead of argument")
2026-05-06 23:17:11,897 [INFO]     n_feat=23: CV logloss=0.7088 ±0.0038
2026-05-06 23:17:11,897 [INFO]   ✅ S2: best n_feat=20, CV=0.6533
2026-05-06 23:17:11,897 [INFO] 
============================================================
2026-05-06 23:17:11,897 [INFO]   === S3 ===
/home/mwoo423/.local/lib/python3.12/site-packages/lightgbm/engine.py:172: UserWarning: Found `n_estimators` in params. Will use it instead of argument
  _log_warning(f"Found `{alias}` in params. Will use it instead of argument")
2026-05-06 23:17:12,036 [INFO]   Baseline: cfg=safety, n_feat=20, sweep range=[17, 18, 19, 20, 21, 22, 23]
/home/mwoo423/.local/lib/python3.12/site-packages/lightgbm/engine.py:172: UserWarning: Found `n_estimators` in params. Will use it instead of argument
  _log_warning(f"Found `{alias}` in params. Will use it instead of argument")
/home/mwoo423/.local/lib/python3.12/site-packages/lightgbm/engine.py:172: UserWarning: Found `n_estimators` in params. Will use it instead of argument
  _log_warning(f"Found `{alias}` in params. Will use it instead of argument")
/home/mwoo423/.local/lib/python3.12/site-packages/lightgbm/engine.py:172: UserWarning: Found `n_estimators` in params. Will use it instead of argument
  _log_warning(f"Found `{alias}` in params. Will use it instead of argument")
/home/mwoo423/.local/lib/python3.12/site-packages/lightgbm/engine.py:172: UserWarning: Found `n_estimators` in params. Will use it instead of argument
  _log_warning(f"Found `{alias}` in params. Will use it instead of argument")
/home/mwoo423/.local/lib/python3.12/site-packages/lightgbm/engine.py:172: UserWarning: Found `n_estimators` in params. Will use it instead of argument
  _log_warning(f"Found `{alias}` in params. Will use it instead of argument")
/home/mwoo423/.local/lib/python3.12/site-packages/lightgbm/engine.py:172: UserWarning: Found `n_estimators` in params. Will use it instead of argument
  _log_warning(f"Found `{alias}` in params. Will use it instead of argument")
/home/mwoo423/.local/lib/python3.12/site-packages/lightgbm/engine.py:172: UserWarning: Found `n_estimators` in params. Will use it instead of argument
  _log_warning(f"Found `{alias}` in params. Will use it instead of argument")
/home/mwoo423/.local/lib/python3.12/site-packages/lightgbm/engine.py:172: UserWarning: Found `n_estimators` in params. Will use it instead of argument
  _log_warning(f"Found `{alias}` in params. Will use it instead of argument")
/home/mwoo423/.local/lib/python3.12/site-packages/lightgbm/engine.py:172: UserWarning: Found `n_estimators` in params. Will use it instead of argument
  _log_warning(f"Found `{alias}` in params. Will use it instead of argument")
/home/mwoo423/.local/lib/python3.12/site-packages/lightgbm/engine.py:172: UserWarning: Found `n_estimators` in params. Will use it instead of argument
  _log_warning(f"Found `{alias}` in params. Will use it instead of argument")
/home/mwoo423/.local/lib/python3.12/site-packages/lightgbm/engine.py:172: UserWarning: Found `n_estimators` in params. Will use it instead of argument
  _log_warning(f"Found `{alias}` in params. Will use it instead of argument")
/home/mwoo423/.local/lib/python3.12/site-packages/lightgbm/engine.py:172: UserWarning: Found `n_estimators` in params. Will use it instead of argument
  _log_warning(f"Found `{alias}` in params. Will use it instead of argument")
/home/mwoo423/.local/lib/python3.12/site-packages/lightgbm/engine.py:172: UserWarning: Found `n_estimators` in params. Will use it instead of argument
  _log_warning(f"Found `{alias}` in params. Will use it instead of argument")
/home/mwoo423/.local/lib/python3.12/site-packages/lightgbm/engine.py:172: UserWarning: Found `n_estimators` in params. Will use it instead of argument
  _log_warning(f"Found `{alias}` in params. Will use it instead of argument")
/home/mwoo423/.local/lib/python3.12/site-packages/lightgbm/engine.py:172: UserWarning: Found `n_estimators` in params. Will use it instead of argument
  _log_warning(f"Found `{alias}` in params. Will use it instead of argument")
/home/mwoo423/.local/lib/python3.12/site-packages/lightgbm/engine.py:172: UserWarning: Found `n_estimators` in params. Will use it instead of argument
  _log_warning(f"Found `{alias}` in params. Will use it instead of argument")
/home/mwoo423/.local/lib/python3.12/site-packages/lightgbm/engine.py:172: UserWarning: Found `n_estimators` in params. Will use it instead of argument
  _log_warning(f"Found `{alias}` in params. Will use it instead of argument")
/home/mwoo423/.local/lib/python3.12/site-packages/lightgbm/engine.py:172: UserWarning: Found `n_estimators` in params. Will use it instead of argument
  _log_warning(f"Found `{alias}` in params. Will use it instead of argument")
/home/mwoo423/.local/lib/python3.12/site-packages/lightgbm/engine.py:172: UserWarning: Found `n_estimators` in params. Will use it instead of argument
  _log_warning(f"Found `{alias}` in params. Will use it instead of argument")
/home/mwoo423/.local/lib/python3.12/site-packages/lightgbm/engine.py:172: UserWarning: Found `n_estimators` in params. Will use it instead of argument
  _log_warning(f"Found `{alias}` in params. Will use it instead of argument")
/home/mwoo423/.local/lib/python3.12/site-packages/lightgbm/engine.py:172: UserWarning: Found `n_estimators` in params. Will use it instead of argument
  _log_warning(f"Found `{alias}` in params. Will use it instead of argument")
/home/mwoo423/.local/lib/python3.12/site-packages/lightgbm/engine.py:172: UserWarning: Found `n_estimators` in params. Will use it instead of argument
  _log_warning(f"Found `{alias}` in params. Will use it instead of argument")
/home/mwoo423/.local/lib/python3.12/site-packages/lightgbm/engine.py:172: UserWarning: Found `n_estimators` in params. Will use it instead of argument
  _log_warning(f"Found `{alias}` in params. Will use it instead of argument")
/home/mwoo423/.local/lib/python3.12/site-packages/lightgbm/engine.py:172: UserWarning: Found `n_estimators` in params. Will use it instead of argument
  _log_warning(f"Found `{alias}` in params. Will use it instead of argument")
/home/mwoo423/.local/lib/python3.12/site-packages/lightgbm/engine.py:172: UserWarning: Found `n_estimators` in params. Will use it instead of argument
  _log_warning(f"Found `{alias}` in params. Will use it instead of argument")
2026-05-06 23:17:14,306 [INFO]     n_feat=17: CV logloss=0.6764 ±0.0026 ← BEST
/home/mwoo423/.local/lib/python3.12/site-packages/lightgbm/engine.py:172: UserWarning: Found `n_estimators` in params. Will use it instead of argument
  _log_warning(f"Found `{alias}` in params. Will use it instead of argument")
/home/mwoo423/.local/lib/python3.12/site-packages/lightgbm/engine.py:172: UserWarning: Found `n_estimators` in params. Will use it instead of argument
  _log_warning(f"Found `{alias}` in params. Will use it instead of argument")
/home/mwoo423/.local/lib/python3.12/site-packages/lightgbm/engine.py:172: UserWarning: Found `n_estimators` in params. Will use it instead of argument
  _log_warning(f"Found `{alias}` in params. Will use it instead of argument")
/home/mwoo423/.local/lib/python3.12/site-packages/lightgbm/engine.py:172: UserWarning: Found `n_estimators` in params. Will use it instead of argument
  _log_warning(f"Found `{alias}` in params. Will use it instead of argument")
/home/mwoo423/.local/lib/python3.12/site-packages/lightgbm/engine.py:172: UserWarning: Found `n_estimators` in params. Will use it instead of argument
  _log_warning(f"Found `{alias}` in params. Will use it instead of argument")
/home/mwoo423/.local/lib/python3.12/site-packages/lightgbm/engine.py:172: UserWarning: Found `n_estimators` in params. Will use it instead of argument
  _log_warning(f"Found `{alias}` in params. Will use it instead of argument")
/home/mwoo423/.local/lib/python3.12/site-packages/lightgbm/engine.py:172: UserWarning: Found `n_estimators` in params. Will use it instead of argument
  _log_warning(f"Found `{alias}` in params. Will use it instead of argument")
/home/mwoo423/.local/lib/python3.12/site-packages/lightgbm/engine.py:172: UserWarning: Found `n_estimators` in params. Will use it instead of argument
  _log_warning(f"Found `{alias}` in params. Will use it instead of argument")
/home/mwoo423/.local/lib/python3.12/site-packages/lightgbm/engine.py:172: UserWarning: Found `n_estimators` in params. Will use it instead of argument
  _log_warning(f"Found `{alias}` in params. Will use it instead of argument")
/home/mwoo423/.local/lib/python3.12/site-packages/lightgbm/engine.py:172: UserWarning: Found `n_estimators` in params. Will use it instead of argument
  _log_warning(f"Found `{alias}` in params. Will use it instead of argument")
/home/mwoo423/.local/lib/python3.12/site-packages/lightgbm/engine.py:172: UserWarning: Found `n_estimators` in params. Will use it instead of argument
  _log_warning(f"Found `{alias}` in params. Will use it instead of argument")
/home/mwoo423/.local/lib/python3.12/site-packages/lightgbm/engine.py:172: UserWarning: Found `n_estimators` in params. Will use it instead of argument
  _log_warning(f"Found `{alias}` in params. Will use it instead of argument")
/home/mwoo423/.local/lib/python3.12/site-packages/lightgbm/engine.py:172: UserWarning: Found `n_estimators` in params. Will use it instead of argument
  _log_warning(f"Found `{alias}` in params. Will use it instead of argument")
/home/mwoo423/.local/lib/python3.12/site-packages/lightgbm/engine.py:172: UserWarning: Found `n_estimators` in params. Will use it instead of argument
  _log_warning(f"Found `{alias}` in params. Will use it instead of argument")
/home/mwoo423/.local/lib/python3.12/site-packages/lightgbm/engine.py:172: UserWarning: Found `n_estimators` in params. Will use it instead of argument
  _log_warning(f"Found `{alias}` in params. Will use it instead of argument")
/home/mwoo423/.local/lib/python3.12/site-packages/lightgbm/engine.py:172: UserWarning: Found `n_estimators` in params. Will use it instead of argument
  _log_warning(f"Found `{alias}` in params. Will use it instead of argument")
/home/mwoo423/.local/lib/python3.12/site-packages/lightgbm/engine.py:172: UserWarning: Found `n_estimators` in params. Will use it instead of argument
  _log_warning(f"Found `{alias}` in params. Will use it instead of argument")
/home/mwoo423/.local/lib/python3.12/site-packages/lightgbm/engine.py:172: UserWarning: Found `n_estimators` in params. Will use it instead of argument
  _log_warning(f"Found `{alias}` in params. Will use it instead of argument")
/home/mwoo423/.local/lib/python3.12/site-packages/lightgbm/engine.py:172: UserWarning: Found `n_estimators` in params. Will use it instead of argument
  _log_warning(f"Found `{alias}` in params. Will use it instead of argument")
/home/mwoo423/.local/lib/python3.12/site-packages/lightgbm/engine.py:172: UserWarning: Found `n_estimators` in params. Will use it instead of argument
  _log_warning(f"Found `{alias}` in params. Will use it instead of argument")
/home/mwoo423/.local/lib/python3.12/site-packages/lightgbm/engine.py:172: UserWarning: Found `n_estimators` in params. Will use it instead of argument
  _log_warning(f"Found `{alias}` in params. Will use it instead of argument")
/home/mwoo423/.local/lib/python3.12/site-packages/lightgbm/engine.py:172: UserWarning: Found `n_estimators` in params. Will use it instead of argument
  _log_warning(f"Found `{alias}` in params. Will use it instead of argument")
/home/mwoo423/.local/lib/python3.12/site-packages/lightgbm/engine.py:172: UserWarning: Found `n_estimators` in params. Will use it instead of argument
  _log_warning(f"Found `{alias}` in params. Will use it instead of argument")
/home/mwoo423/.local/lib/python3.12/site-packages/lightgbm/engine.py:172: UserWarning: Found `n_estimators` in params. Will use it instead of argument
  _log_warning(f"Found `{alias}` in params. Will use it instead of argument")
/home/mwoo423/.local/lib/python3.12/site-packages/lightgbm/engine.py:172: UserWarning: Found `n_estimators` in params. Will use it instead of argument
  _log_warning(f"Found `{alias}` in params. Will use it instead of argument")
2026-05-06 23:17:16,650 [INFO]     n_feat=18: CV logloss=0.6766 ±0.0025
/home/mwoo423/.local/lib/python3.12/site-packages/lightgbm/engine.py:172: UserWarning: Found `n_estimators` in params. Will use it instead of argument
  _log_warning(f"Found `{alias}` in params. Will use it instead of argument")
/home/mwoo423/.local/lib/python3.12/site-packages/lightgbm/engine.py:172: UserWarning: Found `n_estimators` in params. Will use it instead of argument
  _log_warning(f"Found `{alias}` in params. Will use it instead of argument")
/home/mwoo423/.local/lib/python3.12/site-packages/lightgbm/engine.py:172: UserWarning: Found `n_estimators` in params. Will use it instead of argument
  _log_warning(f"Found `{alias}` in params. Will use it instead of argument")
/home/mwoo423/.local/lib/python3.12/site-packages/lightgbm/engine.py:172: UserWarning: Found `n_estimators` in params. Will use it instead of argument
  _log_warning(f"Found `{alias}` in params. Will use it instead of argument")
/home/mwoo423/.local/lib/python3.12/site-packages/lightgbm/engine.py:172: UserWarning: Found `n_estimators` in params. Will use it instead of argument
  _log_warning(f"Found `{alias}` in params. Will use it instead of argument")
/home/mwoo423/.local/lib/python3.12/site-packages/lightgbm/engine.py:172: UserWarning: Found `n_estimators` in params. Will use it instead of argument
  _log_warning(f"Found `{alias}` in params. Will use it instead of argument")
/home/mwoo423/.local/lib/python3.12/site-packages/lightgbm/engine.py:172: UserWarning: Found `n_estimators` in params. Will use it instead of argument
  _log_warning(f"Found `{alias}` in params. Will use it instead of argument")
/home/mwoo423/.local/lib/python3.12/site-packages/lightgbm/engine.py:172: UserWarning: Found `n_estimators` in params. Will use it instead of argument
  _log_warning(f"Found `{alias}` in params. Will use it instead of argument")
/home/mwoo423/.local/lib/python3.12/site-packages/lightgbm/engine.py:172: UserWarning: Found `n_estimators` in params. Will use it instead of argument
  _log_warning(f"Found `{alias}` in params. Will use it instead of argument")
/home/mwoo423/.local/lib/python3.12/site-packages/lightgbm/engine.py:172: UserWarning: Found `n_estimators` in params. Will use it instead of argument
  _log_warning(f"Found `{alias}` in params. Will use it instead of argument")
/home/mwoo423/.local/lib/python3.12/site-packages/lightgbm/engine.py:172: UserWarning: Found `n_estimators` in params. Will use it instead of argument
  _log_warning(f"Found `{alias}` in params. Will use it instead of argument")
/home/mwoo423/.local/lib/python3.12/site-packages/lightgbm/engine.py:172: UserWarning: Found `n_estimators` in params. Will use it instead of argument
  _log_warning(f"Found `{alias}` in params. Will use it instead of argument")
/home/mwoo423/.local/lib/python3.12/site-packages/lightgbm/engine.py:172: UserWarning: Found `n_estimators` in params. Will use it instead of argument
  _log_warning(f"Found `{alias}` in params. Will use it instead of argument")
/home/mwoo423/.local/lib/python3.12/site-packages/lightgbm/engine.py:172: UserWarning: Found `n_estimators` in params. Will use it instead of argument
  _log_warning(f"Found `{alias}` in params. Will use it instead of argument")
/home/mwoo423/.local/lib/python3.12/site-packages/lightgbm/engine.py:172: UserWarning: Found `n_estimators` in params. Will use it instead of argument
  _log_warning(f"Found `{alias}` in params. Will use it instead of argument")
/home/mwoo423/.local/lib/python3.12/site-packages/lightgbm/engine.py:172: UserWarning: Found `n_estimators` in params. Will use it instead of argument
  _log_warning(f"Found `{alias}` in params. Will use it instead of argument")
/home/mwoo423/.local/lib/python3.12/site-packages/lightgbm/engine.py:172: UserWarning: Found `n_estimators` in params. Will use it instead of argument
  _log_warning(f"Found `{alias}` in params. Will use it instead of argument")
/home/mwoo423/.local/lib/python3.12/site-packages/lightgbm/engine.py:172: UserWarning: Found `n_estimators` in params. Will use it instead of argument
  _log_warning(f"Found `{alias}` in params. Will use it instead of argument")
/home/mwoo423/.local/lib/python3.12/site-packages/lightgbm/engine.py:172: UserWarning: Found `n_estimators` in params. Will use it instead of argument
  _log_warning(f"Found `{alias}` in params. Will use it instead of argument")
/home/mwoo423/.local/lib/python3.12/site-packages/lightgbm/engine.py:172: UserWarning: Found `n_estimators` in params. Will use it instead of argument
  _log_warning(f"Found `{alias}` in params. Will use it instead of argument")
/home/mwoo423/.local/lib/python3.12/site-packages/lightgbm/engine.py:172: UserWarning: Found `n_estimators` in params. Will use it instead of argument
  _log_warning(f"Found `{alias}` in params. Will use it instead of argument")
/home/mwoo423/.local/lib/python3.12/site-packages/lightgbm/engine.py:172: UserWarning: Found `n_estimators` in params. Will use it instead of argument
  _log_warning(f"Found `{alias}` in params. Will use it instead of argument")
/home/mwoo423/.local/lib/python3.12/site-packages/lightgbm/engine.py:172: UserWarning: Found `n_estimators` in params. Will use it instead of argument
  _log_warning(f"Found `{alias}` in params. Will use it instead of argument")
/home/mwoo423/.local/lib/python3.12/site-packages/lightgbm/engine.py:172: UserWarning: Found `n_estimators` in params. Will use it instead of argument
  _log_warning(f"Found `{alias}` in params. Will use it instead of argument")
/home/mwoo423/.local/lib/python3.12/site-packages/lightgbm/engine.py:172: UserWarning: Found `n_estimators` in params. Will use it instead of argument
  _log_warning(f"Found `{alias}` in params. Will use it instead of argument")
2026-05-06 23:17:19,049 [INFO]     n_feat=19: CV logloss=0.6769 ±0.0040
/home/mwoo423/.local/lib/python3.12/site-packages/lightgbm/engine.py:172: UserWarning: Found `n_estimators` in params. Will use it instead of argument
  _log_warning(f"Found `{alias}` in params. Will use it instead of argument")
/home/mwoo423/.local/lib/python3.12/site-packages/lightgbm/engine.py:172: UserWarning: Found `n_estimators` in params. Will use it instead of argument
  _log_warning(f"Found `{alias}` in params. Will use it instead of argument")
/home/mwoo423/.local/lib/python3.12/site-packages/lightgbm/engine.py:172: UserWarning: Found `n_estimators` in params. Will use it instead of argument
  _log_warning(f"Found `{alias}` in params. Will use it instead of argument")
/home/mwoo423/.local/lib/python3.12/site-packages/lightgbm/engine.py:172: UserWarning: Found `n_estimators` in params. Will use it instead of argument
  _log_warning(f"Found `{alias}` in params. Will use it instead of argument")
/home/mwoo423/.local/lib/python3.12/site-packages/lightgbm/engine.py:172: UserWarning: Found `n_estimators` in params. Will use it instead of argument
  _log_warning(f"Found `{alias}` in params. Will use it instead of argument")
/home/mwoo423/.local/lib/python3.12/site-packages/lightgbm/engine.py:172: UserWarning: Found `n_estimators` in params. Will use it instead of argument
  _log_warning(f"Found `{alias}` in params. Will use it instead of argument")
/home/mwoo423/.local/lib/python3.12/site-packages/lightgbm/engine.py:172: UserWarning: Found `n_estimators` in params. Will use it instead of argument
  _log_warning(f"Found `{alias}` in params. Will use it instead of argument")
/home/mwoo423/.local/lib/python3.12/site-packages/lightgbm/engine.py:172: UserWarning: Found `n_estimators` in params. Will use it instead of argument
  _log_warning(f"Found `{alias}` in params. Will use it instead of argument")
/home/mwoo423/.local/lib/python3.12/site-packages/lightgbm/engine.py:172: UserWarning: Found `n_estimators` in params. Will use it instead of argument
  _log_warning(f"Found `{alias}` in params. Will use it instead of argument")
/home/mwoo423/.local/lib/python3.12/site-packages/lightgbm/engine.py:172: UserWarning: Found `n_estimators` in params. Will use it instead of argument
  _log_warning(f"Found `{alias}` in params. Will use it instead of argument")
/home/mwoo423/.local/lib/python3.12/site-packages/lightgbm/engine.py:172: UserWarning: Found `n_estimators` in params. Will use it instead of argument
  _log_warning(f"Found `{alias}` in params. Will use it instead of argument")
/home/mwoo423/.local/lib/python3.12/site-packages/lightgbm/engine.py:172: UserWarning: Found `n_estimators` in params. Will use it instead of argument
  _log_warning(f"Found `{alias}` in params. Will use it instead of argument")
/home/mwoo423/.local/lib/python3.12/site-packages/lightgbm/engine.py:172: UserWarning: Found `n_estimators` in params. Will use it instead of argument
  _log_warning(f"Found `{alias}` in params. Will use it instead of argument")
/home/mwoo423/.local/lib/python3.12/site-packages/lightgbm/engine.py:172: UserWarning: Found `n_estimators` in params. Will use it instead of argument
  _log_warning(f"Found `{alias}` in params. Will use it instead of argument")
/home/mwoo423/.local/lib/python3.12/site-packages/lightgbm/engine.py:172: UserWarning: Found `n_estimators` in params. Will use it instead of argument
  _log_warning(f"Found `{alias}` in params. Will use it instead of argument")
/home/mwoo423/.local/lib/python3.12/site-packages/lightgbm/engine.py:172: UserWarning: Found `n_estimators` in params. Will use it instead of argument
  _log_warning(f"Found `{alias}` in params. Will use it instead of argument")
/home/mwoo423/.local/lib/python3.12/site-packages/lightgbm/engine.py:172: UserWarning: Found `n_estimators` in params. Will use it instead of argument
  _log_warning(f"Found `{alias}` in params. Will use it instead of argument")
/home/mwoo423/.local/lib/python3.12/site-packages/lightgbm/engine.py:172: UserWarning: Found `n_estimators` in params. Will use it instead of argument
  _log_warning(f"Found `{alias}` in params. Will use it instead of argument")
/home/mwoo423/.local/lib/python3.12/site-packages/lightgbm/engine.py:172: UserWarning: Found `n_estimators` in params. Will use it instead of argument
  _log_warning(f"Found `{alias}` in params. Will use it instead of argument")
/home/mwoo423/.local/lib/python3.12/site-packages/lightgbm/engine.py:172: UserWarning: Found `n_estimators` in params. Will use it instead of argument
  _log_warning(f"Found `{alias}` in params. Will use it instead of argument")
/home/mwoo423/.local/lib/python3.12/site-packages/lightgbm/engine.py:172: UserWarning: Found `n_estimators` in params. Will use it instead of argument
  _log_warning(f"Found `{alias}` in params. Will use it instead of argument")
/home/mwoo423/.local/lib/python3.12/site-packages/lightgbm/engine.py:172: UserWarning: Found `n_estimators` in params. Will use it instead of argument
  _log_warning(f"Found `{alias}` in params. Will use it instead of argument")
/home/mwoo423/.local/lib/python3.12/site-packages/lightgbm/engine.py:172: UserWarning: Found `n_estimators` in params. Will use it instead of argument
  _log_warning(f"Found `{alias}` in params. Will use it instead of argument")
/home/mwoo423/.local/lib/python3.12/site-packages/lightgbm/engine.py:172: UserWarning: Found `n_estimators` in params. Will use it instead of argument
  _log_warning(f"Found `{alias}` in params. Will use it instead of argument")
/home/mwoo423/.local/lib/python3.12/site-packages/lightgbm/engine.py:172: UserWarning: Found `n_estimators` in params. Will use it instead of argument
  _log_warning(f"Found `{alias}` in params. Will use it instead of argument")
2026-05-06 23:17:21,510 [INFO]     n_feat=20: CV logloss=0.6755 ±0.0037 ← BEST
/home/mwoo423/.local/lib/python3.12/site-packages/lightgbm/engine.py:172: UserWarning: Found `n_estimators` in params. Will use it instead of argument
  _log_warning(f"Found `{alias}` in params. Will use it instead of argument")
/home/mwoo423/.local/lib/python3.12/site-packages/lightgbm/engine.py:172: UserWarning: Found `n_estimators` in params. Will use it instead of argument
  _log_warning(f"Found `{alias}` in params. Will use it instead of argument")
/home/mwoo423/.local/lib/python3.12/site-packages/lightgbm/engine.py:172: UserWarning: Found `n_estimators` in params. Will use it instead of argument
  _log_warning(f"Found `{alias}` in params. Will use it instead of argument")
/home/mwoo423/.local/lib/python3.12/site-packages/lightgbm/engine.py:172: UserWarning: Found `n_estimators` in params. Will use it instead of argument
  _log_warning(f"Found `{alias}` in params. Will use it instead of argument")
/home/mwoo423/.local/lib/python3.12/site-packages/lightgbm/engine.py:172: UserWarning: Found `n_estimators` in params. Will use it instead of argument
  _log_warning(f"Found `{alias}` in params. Will use it instead of argument")
/home/mwoo423/.local/lib/python3.12/site-packages/lightgbm/engine.py:172: UserWarning: Found `n_estimators` in params. Will use it instead of argument
  _log_warning(f"Found `{alias}` in params. Will use it instead of argument")
/home/mwoo423/.local/lib/python3.12/site-packages/lightgbm/engine.py:172: UserWarning: Found `n_estimators` in params. Will use it instead of argument
  _log_warning(f"Found `{alias}` in params. Will use it instead of argument")
/home/mwoo423/.local/lib/python3.12/site-packages/lightgbm/engine.py:172: UserWarning: Found `n_estimators` in params. Will use it instead of argument
  _log_warning(f"Found `{alias}` in params. Will use it instead of argument")
/home/mwoo423/.local/lib/python3.12/site-packages/lightgbm/engine.py:172: UserWarning: Found `n_estimators` in params. Will use it instead of argument
  _log_warning(f"Found `{alias}` in params. Will use it instead of argument")
/home/mwoo423/.local/lib/python3.12/site-packages/lightgbm/engine.py:172: UserWarning: Found `n_estimators` in params. Will use it instead of argument
  _log_warning(f"Found `{alias}` in params. Will use it instead of argument")
/home/mwoo423/.local/lib/python3.12/site-packages/lightgbm/engine.py:172: UserWarning: Found `n_estimators` in params. Will use it instead of argument
  _log_warning(f"Found `{alias}` in params. Will use it instead of argument")
/home/mwoo423/.local/lib/python3.12/site-packages/lightgbm/engine.py:172: UserWarning: Found `n_estimators` in params. Will use it instead of argument
  _log_warning(f"Found `{alias}` in params. Will use it instead of argument")
/home/mwoo423/.local/lib/python3.12/site-packages/lightgbm/engine.py:172: UserWarning: Found `n_estimators` in params. Will use it instead of argument
  _log_warning(f"Found `{alias}` in params. Will use it instead of argument")
/home/mwoo423/.local/lib/python3.12/site-packages/lightgbm/engine.py:172: UserWarning: Found `n_estimators` in params. Will use it instead of argument
  _log_warning(f"Found `{alias}` in params. Will use it instead of argument")
/home/mwoo423/.local/lib/python3.12/site-packages/lightgbm/engine.py:172: UserWarning: Found `n_estimators` in params. Will use it instead of argument
  _log_warning(f"Found `{alias}` in params. Will use it instead of argument")
/home/mwoo423/.local/lib/python3.12/site-packages/lightgbm/engine.py:172: UserWarning: Found `n_estimators` in params. Will use it instead of argument
  _log_warning(f"Found `{alias}` in params. Will use it instead of argument")
/home/mwoo423/.local/lib/python3.12/site-packages/lightgbm/engine.py:172: UserWarning: Found `n_estimators` in params. Will use it instead of argument
  _log_warning(f"Found `{alias}` in params. Will use it instead of argument")
/home/mwoo423/.local/lib/python3.12/site-packages/lightgbm/engine.py:172: UserWarning: Found `n_estimators` in params. Will use it instead of argument
  _log_warning(f"Found `{alias}` in params. Will use it instead of argument")
/home/mwoo423/.local/lib/python3.12/site-packages/lightgbm/engine.py:172: UserWarning: Found `n_estimators` in params. Will use it instead of argument
  _log_warning(f"Found `{alias}` in params. Will use it instead of argument")
/home/mwoo423/.local/lib/python3.12/site-packages/lightgbm/engine.py:172: UserWarning: Found `n_estimators` in params. Will use it instead of argument
  _log_warning(f"Found `{alias}` in params. Will use it instead of argument")
/home/mwoo423/.local/lib/python3.12/site-packages/lightgbm/engine.py:172: UserWarning: Found `n_estimators` in params. Will use it instead of argument
  _log_warning(f"Found `{alias}` in params. Will use it instead of argument")
/home/mwoo423/.local/lib/python3.12/site-packages/lightgbm/engine.py:172: UserWarning: Found `n_estimators` in params. Will use it instead of argument
  _log_warning(f"Found `{alias}` in params. Will use it instead of argument")
/home/mwoo423/.local/lib/python3.12/site-packages/lightgbm/engine.py:172: UserWarning: Found `n_estimators` in params. Will use it instead of argument
  _log_warning(f"Found `{alias}` in params. Will use it instead of argument")
/home/mwoo423/.local/lib/python3.12/site-packages/lightgbm/engine.py:172: UserWarning: Found `n_estimators` in params. Will use it instead of argument
  _log_warning(f"Found `{alias}` in params. Will use it instead of argument")
/home/mwoo423/.local/lib/python3.12/site-packages/lightgbm/engine.py:172: UserWarning: Found `n_estimators` in params. Will use it instead of argument
  _log_warning(f"Found `{alias}` in params. Will use it instead of argument")
2026-05-06 23:17:24,005 [INFO]     n_feat=21: CV logloss=0.6739 ±0.0014 ← BEST
/home/mwoo423/.local/lib/python3.12/site-packages/lightgbm/engine.py:172: UserWarning: Found `n_estimators` in params. Will use it instead of argument
  _log_warning(f"Found `{alias}` in params. Will use it instead of argument")
/home/mwoo423/.local/lib/python3.12/site-packages/lightgbm/engine.py:172: UserWarning: Found `n_estimators` in params. Will use it instead of argument
  _log_warning(f"Found `{alias}` in params. Will use it instead of argument")
/home/mwoo423/.local/lib/python3.12/site-packages/lightgbm/engine.py:172: UserWarning: Found `n_estimators` in params. Will use it instead of argument
  _log_warning(f"Found `{alias}` in params. Will use it instead of argument")
/home/mwoo423/.local/lib/python3.12/site-packages/lightgbm/engine.py:172: UserWarning: Found `n_estimators` in params. Will use it instead of argument
  _log_warning(f"Found `{alias}` in params. Will use it instead of argument")
/home/mwoo423/.local/lib/python3.12/site-packages/lightgbm/engine.py:172: UserWarning: Found `n_estimators` in params. Will use it instead of argument
  _log_warning(f"Found `{alias}` in params. Will use it instead of argument")
/home/mwoo423/.local/lib/python3.12/site-packages/lightgbm/engine.py:172: UserWarning: Found `n_estimators` in params. Will use it instead of argument
  _log_warning(f"Found `{alias}` in params. Will use it instead of argument")
/home/mwoo423/.local/lib/python3.12/site-packages/lightgbm/engine.py:172: UserWarning: Found `n_estimators` in params. Will use it instead of argument
  _log_warning(f"Found `{alias}` in params. Will use it instead of argument")
/home/mwoo423/.local/lib/python3.12/site-packages/lightgbm/engine.py:172: UserWarning: Found `n_estimators` in params. Will use it instead of argument
  _log_warning(f"Found `{alias}` in params. Will use it instead of argument")
/home/mwoo423/.local/lib/python3.12/site-packages/lightgbm/engine.py:172: UserWarning: Found `n_estimators` in params. Will use it instead of argument
  _log_warning(f"Found `{alias}` in params. Will use it instead of argument")
/home/mwoo423/.local/lib/python3.12/site-packages/lightgbm/engine.py:172: UserWarning: Found `n_estimators` in params. Will use it instead of argument
  _log_warning(f"Found `{alias}` in params. Will use it instead of argument")
/home/mwoo423/.local/lib/python3.12/site-packages/lightgbm/engine.py:172: UserWarning: Found `n_estimators` in params. Will use it instead of argument
  _log_warning(f"Found `{alias}` in params. Will use it instead of argument")
/home/mwoo423/.local/lib/python3.12/site-packages/lightgbm/engine.py:172: UserWarning: Found `n_estimators` in params. Will use it instead of argument
  _log_warning(f"Found `{alias}` in params. Will use it instead of argument")
/home/mwoo423/.local/lib/python3.12/site-packages/lightgbm/engine.py:172: UserWarning: Found `n_estimators` in params. Will use it instead of argument
  _log_warning(f"Found `{alias}` in params. Will use it instead of argument")
/home/mwoo423/.local/lib/python3.12/site-packages/lightgbm/engine.py:172: UserWarning: Found `n_estimators` in params. Will use it instead of argument
  _log_warning(f"Found `{alias}` in params. Will use it instead of argument")
/home/mwoo423/.local/lib/python3.12/site-packages/lightgbm/engine.py:172: UserWarning: Found `n_estimators` in params. Will use it instead of argument
  _log_warning(f"Found `{alias}` in params. Will use it instead of argument")
/home/mwoo423/.local/lib/python3.12/site-packages/lightgbm/engine.py:172: UserWarning: Found `n_estimators` in params. Will use it instead of argument
  _log_warning(f"Found `{alias}` in params. Will use it instead of argument")
/home/mwoo423/.local/lib/python3.12/site-packages/lightgbm/engine.py:172: UserWarning: Found `n_estimators` in params. Will use it instead of argument
  _log_warning(f"Found `{alias}` in params. Will use it instead of argument")
/home/mwoo423/.local/lib/python3.12/site-packages/lightgbm/engine.py:172: UserWarning: Found `n_estimators` in params. Will use it instead of argument
  _log_warning(f"Found `{alias}` in params. Will use it instead of argument")
/home/mwoo423/.local/lib/python3.12/site-packages/lightgbm/engine.py:172: UserWarning: Found `n_estimators` in params. Will use it instead of argument
  _log_warning(f"Found `{alias}` in params. Will use it instead of argument")
/home/mwoo423/.local/lib/python3.12/site-packages/lightgbm/engine.py:172: UserWarning: Found `n_estimators` in params. Will use it instead of argument
  _log_warning(f"Found `{alias}` in params. Will use it instead of argument")
/home/mwoo423/.local/lib/python3.12/site-packages/lightgbm/engine.py:172: UserWarning: Found `n_estimators` in params. Will use it instead of argument
  _log_warning(f"Found `{alias}` in params. Will use it instead of argument")
/home/mwoo423/.local/lib/python3.12/site-packages/lightgbm/engine.py:172: UserWarning: Found `n_estimators` in params. Will use it instead of argument
  _log_warning(f"Found `{alias}` in params. Will use it instead of argument")
/home/mwoo423/.local/lib/python3.12/site-packages/lightgbm/engine.py:172: UserWarning: Found `n_estimators` in params. Will use it instead of argument
  _log_warning(f"Found `{alias}` in params. Will use it instead of argument")
/home/mwoo423/.local/lib/python3.12/site-packages/lightgbm/engine.py:172: UserWarning: Found `n_estimators` in params. Will use it instead of argument
  _log_warning(f"Found `{alias}` in params. Will use it instead of argument")
/home/mwoo423/.local/lib/python3.12/site-packages/lightgbm/engine.py:172: UserWarning: Found `n_estimators` in params. Will use it instead of argument
  _log_warning(f"Found `{alias}` in params. Will use it instead of argument")
2026-05-06 23:17:26,612 [INFO]     n_feat=22: CV logloss=0.6746 ±0.0011
/home/mwoo423/.local/lib/python3.12/site-packages/lightgbm/engine.py:172: UserWarning: Found `n_estimators` in params. Will use it instead of argument
  _log_warning(f"Found `{alias}` in params. Will use it instead of argument")
/home/mwoo423/.local/lib/python3.12/site-packages/lightgbm/engine.py:172: UserWarning: Found `n_estimators` in params. Will use it instead of argument
  _log_warning(f"Found `{alias}` in params. Will use it instead of argument")
/home/mwoo423/.local/lib/python3.12/site-packages/lightgbm/engine.py:172: UserWarning: Found `n_estimators` in params. Will use it instead of argument
  _log_warning(f"Found `{alias}` in params. Will use it instead of argument")
/home/mwoo423/.local/lib/python3.12/site-packages/lightgbm/engine.py:172: UserWarning: Found `n_estimators` in params. Will use it instead of argument
  _log_warning(f"Found `{alias}` in params. Will use it instead of argument")
/home/mwoo423/.local/lib/python3.12/site-packages/lightgbm/engine.py:172: UserWarning: Found `n_estimators` in params. Will use it instead of argument
  _log_warning(f"Found `{alias}` in params. Will use it instead of argument")
/home/mwoo423/.local/lib/python3.12/site-packages/lightgbm/engine.py:172: UserWarning: Found `n_estimators` in params. Will use it instead of argument
  _log_warning(f"Found `{alias}` in params. Will use it instead of argument")
/home/mwoo423/.local/lib/python3.12/site-packages/lightgbm/engine.py:172: UserWarning: Found `n_estimators` in params. Will use it instead of argument
  _log_warning(f"Found `{alias}` in params. Will use it instead of argument")
/home/mwoo423/.local/lib/python3.12/site-packages/lightgbm/engine.py:172: UserWarning: Found `n_estimators` in params. Will use it instead of argument
  _log_warning(f"Found `{alias}` in params. Will use it instead of argument")
/home/mwoo423/.local/lib/python3.12/site-packages/lightgbm/engine.py:172: UserWarning: Found `n_estimators` in params. Will use it instead of argument
  _log_warning(f"Found `{alias}` in params. Will use it instead of argument")
/home/mwoo423/.local/lib/python3.12/site-packages/lightgbm/engine.py:172: UserWarning: Found `n_estimators` in params. Will use it instead of argument
  _log_warning(f"Found `{alias}` in params. Will use it instead of argument")
/home/mwoo423/.local/lib/python3.12/site-packages/lightgbm/engine.py:172: UserWarning: Found `n_estimators` in params. Will use it instead of argument
  _log_warning(f"Found `{alias}` in params. Will use it instead of argument")
/home/mwoo423/.local/lib/python3.12/site-packages/lightgbm/engine.py:172: UserWarning: Found `n_estimators` in params. Will use it instead of argument
  _log_warning(f"Found `{alias}` in params. Will use it instead of argument")
/home/mwoo423/.local/lib/python3.12/site-packages/lightgbm/engine.py:172: UserWarning: Found `n_estimators` in params. Will use it instead of argument
  _log_warning(f"Found `{alias}` in params. Will use it instead of argument")
/home/mwoo423/.local/lib/python3.12/site-packages/lightgbm/engine.py:172: UserWarning: Found `n_estimators` in params. Will use it instead of argument
  _log_warning(f"Found `{alias}` in params. Will use it instead of argument")
/home/mwoo423/.local/lib/python3.12/site-packages/lightgbm/engine.py:172: UserWarning: Found `n_estimators` in params. Will use it instead of argument
  _log_warning(f"Found `{alias}` in params. Will use it instead of argument")
/home/mwoo423/.local/lib/python3.12/site-packages/lightgbm/engine.py:172: UserWarning: Found `n_estimators` in params. Will use it instead of argument
  _log_warning(f"Found `{alias}` in params. Will use it instead of argument")
/home/mwoo423/.local/lib/python3.12/site-packages/lightgbm/engine.py:172: UserWarning: Found `n_estimators` in params. Will use it instead of argument
  _log_warning(f"Found `{alias}` in params. Will use it instead of argument")
/home/mwoo423/.local/lib/python3.12/site-packages/lightgbm/engine.py:172: UserWarning: Found `n_estimators` in params. Will use it instead of argument
  _log_warning(f"Found `{alias}` in params. Will use it instead of argument")
/home/mwoo423/.local/lib/python3.12/site-packages/lightgbm/engine.py:172: UserWarning: Found `n_estimators` in params. Will use it instead of argument
  _log_warning(f"Found `{alias}` in params. Will use it instead of argument")
/home/mwoo423/.local/lib/python3.12/site-packages/lightgbm/engine.py:172: UserWarning: Found `n_estimators` in params. Will use it instead of argument
  _log_warning(f"Found `{alias}` in params. Will use it instead of argument")
/home/mwoo423/.local/lib/python3.12/site-packages/lightgbm/engine.py:172: UserWarning: Found `n_estimators` in params. Will use it instead of argument
  _log_warning(f"Found `{alias}` in params. Will use it instead of argument")
/home/mwoo423/.local/lib/python3.12/site-packages/lightgbm/engine.py:172: UserWarning: Found `n_estimators` in params. Will use it instead of argument
  _log_warning(f"Found `{alias}` in params. Will use it instead of argument")
/home/mwoo423/.local/lib/python3.12/site-packages/lightgbm/engine.py:172: UserWarning: Found `n_estimators` in params. Will use it instead of argument
  _log_warning(f"Found `{alias}` in params. Will use it instead of argument")
/home/mwoo423/.local/lib/python3.12/site-packages/lightgbm/engine.py:172: UserWarning: Found `n_estimators` in params. Will use it instead of argument
  _log_warning(f"Found `{alias}` in params. Will use it instead of argument")
/home/mwoo423/.local/lib/python3.12/site-packages/lightgbm/engine.py:172: UserWarning: Found `n_estimators` in params. Will use it instead of argument
  _log_warning(f"Found `{alias}` in params. Will use it instead of argument")
2026-05-06 23:17:29,282 [INFO]     n_feat=23: CV logloss=0.6702 ±0.0030 ← BEST
2026-05-06 23:17:29,282 [INFO]   ✅ S3: best n_feat=23, CV=0.6702
2026-05-06 23:17:29,282 [INFO] 
============================================================
2026-05-06 23:17:29,282 [INFO]   === S4 ===
/home/mwoo423/.local/lib/python3.12/site-packages/lightgbm/engine.py:172: UserWarning: Found `n_estimators` in params. Will use it instead of argument
  _log_warning(f"Found `{alias}` in params. Will use it instead of argument")
2026-05-06 23:17:29,494 [INFO]   Baseline: cfg=wide, n_feat=20, sweep range=[17, 18, 19, 20, 21, 22, 23]
/home/mwoo423/.local/lib/python3.12/site-packages/lightgbm/engine.py:172: UserWarning: Found `n_estimators` in params. Will use it instead of argument
  _log_warning(f"Found `{alias}` in params. Will use it instead of argument")
/home/mwoo423/.local/lib/python3.12/site-packages/lightgbm/engine.py:172: UserWarning: Found `n_estimators` in params. Will use it instead of argument
  _log_warning(f"Found `{alias}` in params. Will use it instead of argument")
/home/mwoo423/.local/lib/python3.12/site-packages/lightgbm/engine.py:172: UserWarning: Found `n_estimators` in params. Will use it instead of argument
  _log_warning(f"Found `{alias}` in params. Will use it instead of argument")
/home/mwoo423/.local/lib/python3.12/site-packages/lightgbm/engine.py:172: UserWarning: Found `n_estimators` in params. Will use it instead of argument
  _log_warning(f"Found `{alias}` in params. Will use it instead of argument")
/home/mwoo423/.local/lib/python3.12/site-packages/lightgbm/engine.py:172: UserWarning: Found `n_estimators` in params. Will use it instead of argument
  _log_warning(f"Found `{alias}` in params. Will use it instead of argument")
/home/mwoo423/.local/lib/python3.12/site-packages/lightgbm/engine.py:172: UserWarning: Found `n_estimators` in params. Will use it instead of argument
  _log_warning(f"Found `{alias}` in params. Will use it instead of argument")
/home/mwoo423/.local/lib/python3.12/site-packages/lightgbm/engine.py:172: UserWarning: Found `n_estimators` in params. Will use it instead of argument
  _log_warning(f"Found `{alias}` in params. Will use it instead of argument")
/home/mwoo423/.local/lib/python3.12/site-packages/lightgbm/engine.py:172: UserWarning: Found `n_estimators` in params. Will use it instead of argument
  _log_warning(f"Found `{alias}` in params. Will use it instead of argument")
/home/mwoo423/.local/lib/python3.12/site-packages/lightgbm/engine.py:172: UserWarning: Found `n_estimators` in params. Will use it instead of argument
  _log_warning(f"Found `{alias}` in params. Will use it instead of argument")
/home/mwoo423/.local/lib/python3.12/site-packages/lightgbm/engine.py:172: UserWarning: Found `n_estimators` in params. Will use it instead of argument
  _log_warning(f"Found `{alias}` in params. Will use it instead of argument")
/home/mwoo423/.local/lib/python3.12/site-packages/lightgbm/engine.py:172: UserWarning: Found `n_estimators` in params. Will use it instead of argument
  _log_warning(f"Found `{alias}` in params. Will use it instead of argument")
/home/mwoo423/.local/lib/python3.12/site-packages/lightgbm/engine.py:172: UserWarning: Found `n_estimators` in params. Will use it instead of argument
  _log_warning(f"Found `{alias}` in params. Will use it instead of argument")
/home/mwoo423/.local/lib/python3.12/site-packages/lightgbm/engine.py:172: UserWarning: Found `n_estimators` in params. Will use it instead of argument
  _log_warning(f"Found `{alias}` in params. Will use it instead of argument")
/home/mwoo423/.local/lib/python3.12/site-packages/lightgbm/engine.py:172: UserWarning: Found `n_estimators` in params. Will use it instead of argument
  _log_warning(f"Found `{alias}` in params. Will use it instead of argument")
/home/mwoo423/.local/lib/python3.12/site-packages/lightgbm/engine.py:172: UserWarning: Found `n_estimators` in params. Will use it instead of argument
  _log_warning(f"Found `{alias}` in params. Will use it instead of argument")
/home/mwoo423/.local/lib/python3.12/site-packages/lightgbm/engine.py:172: UserWarning: Found `n_estimators` in params. Will use it instead of argument
  _log_warning(f"Found `{alias}` in params. Will use it instead of argument")
/home/mwoo423/.local/lib/python3.12/site-packages/lightgbm/engine.py:172: UserWarning: Found `n_estimators` in params. Will use it instead of argument
  _log_warning(f"Found `{alias}` in params. Will use it instead of argument")
/home/mwoo423/.local/lib/python3.12/site-packages/lightgbm/engine.py:172: UserWarning: Found `n_estimators` in params. Will use it instead of argument
  _log_warning(f"Found `{alias}` in params. Will use it instead of argument")
/home/mwoo423/.local/lib/python3.12/site-packages/lightgbm/engine.py:172: UserWarning: Found `n_estimators` in params. Will use it instead of argument
  _log_warning(f"Found `{alias}` in params. Will use it instead of argument")
/home/mwoo423/.local/lib/python3.12/site-packages/lightgbm/engine.py:172: UserWarning: Found `n_estimators` in params. Will use it instead of argument
  _log_warning(f"Found `{alias}` in params. Will use it instead of argument")
/home/mwoo423/.local/lib/python3.12/site-packages/lightgbm/engine.py:172: UserWarning: Found `n_estimators` in params. Will use it instead of argument
  _log_warning(f"Found `{alias}` in params. Will use it instead of argument")
/home/mwoo423/.local/lib/python3.12/site-packages/lightgbm/engine.py:172: UserWarning: Found `n_estimators` in params. Will use it instead of argument
  _log_warning(f"Found `{alias}` in params. Will use it instead of argument")
/home/mwoo423/.local/lib/python3.12/site-packages/lightgbm/engine.py:172: UserWarning: Found `n_estimators` in params. Will use it instead of argument
  _log_warning(f"Found `{alias}` in params. Will use it instead of argument")
/home/mwoo423/.local/lib/python3.12/site-packages/lightgbm/engine.py:172: UserWarning: Found `n_estimators` in params. Will use it instead of argument
  _log_warning(f"Found `{alias}` in params. Will use it instead of argument")
/home/mwoo423/.local/lib/python3.12/site-packages/lightgbm/engine.py:172: UserWarning: Found `n_estimators` in params. Will use it instead of argument
  _log_warning(f"Found `{alias}` in params. Will use it instead of argument")
2026-05-06 23:17:31,168 [INFO]     n_feat=17: CV logloss=0.6641 ±0.0013 ← BEST
/home/mwoo423/.local/lib/python3.12/site-packages/lightgbm/engine.py:172: UserWarning: Found `n_estimators` in params. Will use it instead of argument
  _log_warning(f"Found `{alias}` in params. Will use it instead of argument")
/home/mwoo423/.local/lib/python3.12/site-packages/lightgbm/engine.py:172: UserWarning: Found `n_estimators` in params. Will use it instead of argument
  _log_warning(f"Found `{alias}` in params. Will use it instead of argument")
/home/mwoo423/.local/lib/python3.12/site-packages/lightgbm/engine.py:172: UserWarning: Found `n_estimators` in params. Will use it instead of argument
  _log_warning(f"Found `{alias}` in params. Will use it instead of argument")
/home/mwoo423/.local/lib/python3.12/site-packages/lightgbm/engine.py:172: UserWarning: Found `n_estimators` in params. Will use it instead of argument
  _log_warning(f"Found `{alias}` in params. Will use it instead of argument")
/home/mwoo423/.local/lib/python3.12/site-packages/lightgbm/engine.py:172: UserWarning: Found `n_estimators` in params. Will use it instead of argument
  _log_warning(f"Found `{alias}` in params. Will use it instead of argument")
/home/mwoo423/.local/lib/python3.12/site-packages/lightgbm/engine.py:172: UserWarning: Found `n_estimators` in params. Will use it instead of argument
  _log_warning(f"Found `{alias}` in params. Will use it instead of argument")
/home/mwoo423/.local/lib/python3.12/site-packages/lightgbm/engine.py:172: UserWarning: Found `n_estimators` in params. Will use it instead of argument
  _log_warning(f"Found `{alias}` in params. Will use it instead of argument")
/home/mwoo423/.local/lib/python3.12/site-packages/lightgbm/engine.py:172: UserWarning: Found `n_estimators` in params. Will use it instead of argument
  _log_warning(f"Found `{alias}` in params. Will use it instead of argument")
/home/mwoo423/.local/lib/python3.12/site-packages/lightgbm/engine.py:172: UserWarning: Found `n_estimators` in params. Will use it instead of argument
  _log_warning(f"Found `{alias}` in params. Will use it instead of argument")
/home/mwoo423/.local/lib/python3.12/site-packages/lightgbm/engine.py:172: UserWarning: Found `n_estimators` in params. Will use it instead of argument
  _log_warning(f"Found `{alias}` in params. Will use it instead of argument")
/home/mwoo423/.local/lib/python3.12/site-packages/lightgbm/engine.py:172: UserWarning: Found `n_estimators` in params. Will use it instead of argument
  _log_warning(f"Found `{alias}` in params. Will use it instead of argument")
/home/mwoo423/.local/lib/python3.12/site-packages/lightgbm/engine.py:172: UserWarning: Found `n_estimators` in params. Will use it instead of argument
  _log_warning(f"Found `{alias}` in params. Will use it instead of argument")
/home/mwoo423/.local/lib/python3.12/site-packages/lightgbm/engine.py:172: UserWarning: Found `n_estimators` in params. Will use it instead of argument
  _log_warning(f"Found `{alias}` in params. Will use it instead of argument")
/home/mwoo423/.local/lib/python3.12/site-packages/lightgbm/engine.py:172: UserWarning: Found `n_estimators` in params. Will use it instead of argument
  _log_warning(f"Found `{alias}` in params. Will use it instead of argument")
/home/mwoo423/.local/lib/python3.12/site-packages/lightgbm/engine.py:172: UserWarning: Found `n_estimators` in params. Will use it instead of argument
  _log_warning(f"Found `{alias}` in params. Will use it instead of argument")
/home/mwoo423/.local/lib/python3.12/site-packages/lightgbm/engine.py:172: UserWarning: Found `n_estimators` in params. Will use it instead of argument
  _log_warning(f"Found `{alias}` in params. Will use it instead of argument")
/home/mwoo423/.local/lib/python3.12/site-packages/lightgbm/engine.py:172: UserWarning: Found `n_estimators` in params. Will use it instead of argument
  _log_warning(f"Found `{alias}` in params. Will use it instead of argument")
/home/mwoo423/.local/lib/python3.12/site-packages/lightgbm/engine.py:172: UserWarning: Found `n_estimators` in params. Will use it instead of argument
  _log_warning(f"Found `{alias}` in params. Will use it instead of argument")
/home/mwoo423/.local/lib/python3.12/site-packages/lightgbm/engine.py:172: UserWarning: Found `n_estimators` in params. Will use it instead of argument
  _log_warning(f"Found `{alias}` in params. Will use it instead of argument")
/home/mwoo423/.local/lib/python3.12/site-packages/lightgbm/engine.py:172: UserWarning: Found `n_estimators` in params. Will use it instead of argument
  _log_warning(f"Found `{alias}` in params. Will use it instead of argument")
/home/mwoo423/.local/lib/python3.12/site-packages/lightgbm/engine.py:172: UserWarning: Found `n_estimators` in params. Will use it instead of argument
  _log_warning(f"Found `{alias}` in params. Will use it instead of argument")
/home/mwoo423/.local/lib/python3.12/site-packages/lightgbm/engine.py:172: UserWarning: Found `n_estimators` in params. Will use it instead of argument
  _log_warning(f"Found `{alias}` in params. Will use it instead of argument")
/home/mwoo423/.local/lib/python3.12/site-packages/lightgbm/engine.py:172: UserWarning: Found `n_estimators` in params. Will use it instead of argument
  _log_warning(f"Found `{alias}` in params. Will use it instead of argument")
/home/mwoo423/.local/lib/python3.12/site-packages/lightgbm/engine.py:172: UserWarning: Found `n_estimators` in params. Will use it instead of argument
  _log_warning(f"Found `{alias}` in params. Will use it instead of argument")
/home/mwoo423/.local/lib/python3.12/site-packages/lightgbm/engine.py:172: UserWarning: Found `n_estimators` in params. Will use it instead of argument
  _log_warning(f"Found `{alias}` in params. Will use it instead of argument")
2026-05-06 23:17:32,860 [INFO]     n_feat=18: CV logloss=0.6646 ±0.0027
/home/mwoo423/.local/lib/python3.12/site-packages/lightgbm/engine.py:172: UserWarning: Found `n_estimators` in params. Will use it instead of argument
  _log_warning(f"Found `{alias}` in params. Will use it instead of argument")
/home/mwoo423/.local/lib/python3.12/site-packages/lightgbm/engine.py:172: UserWarning: Found `n_estimators` in params. Will use it instead of argument
  _log_warning(f"Found `{alias}` in params. Will use it instead of argument")
/home/mwoo423/.local/lib/python3.12/site-packages/lightgbm/engine.py:172: UserWarning: Found `n_estimators` in params. Will use it instead of argument
  _log_warning(f"Found `{alias}` in params. Will use it instead of argument")
/home/mwoo423/.local/lib/python3.12/site-packages/lightgbm/engine.py:172: UserWarning: Found `n_estimators` in params. Will use it instead of argument
  _log_warning(f"Found `{alias}` in params. Will use it instead of argument")
/home/mwoo423/.local/lib/python3.12/site-packages/lightgbm/engine.py:172: UserWarning: Found `n_estimators` in params. Will use it instead of argument
  _log_warning(f"Found `{alias}` in params. Will use it instead of argument")
/home/mwoo423/.local/lib/python3.12/site-packages/lightgbm/engine.py:172: UserWarning: Found `n_estimators` in params. Will use it instead of argument
  _log_warning(f"Found `{alias}` in params. Will use it instead of argument")
/home/mwoo423/.local/lib/python3.12/site-packages/lightgbm/engine.py:172: UserWarning: Found `n_estimators` in params. Will use it instead of argument
  _log_warning(f"Found `{alias}` in params. Will use it instead of argument")
/home/mwoo423/.local/lib/python3.12/site-packages/lightgbm/engine.py:172: UserWarning: Found `n_estimators` in params. Will use it instead of argument
  _log_warning(f"Found `{alias}` in params. Will use it instead of argument")
/home/mwoo423/.local/lib/python3.12/site-packages/lightgbm/engine.py:172: UserWarning: Found `n_estimators` in params. Will use it instead of argument
  _log_warning(f"Found `{alias}` in params. Will use it instead of argument")
/home/mwoo423/.local/lib/python3.12/site-packages/lightgbm/engine.py:172: UserWarning: Found `n_estimators` in params. Will use it instead of argument
  _log_warning(f"Found `{alias}` in params. Will use it instead of argument")
/home/mwoo423/.local/lib/python3.12/site-packages/lightgbm/engine.py:172: UserWarning: Found `n_estimators` in params. Will use it instead of argument
  _log_warning(f"Found `{alias}` in params. Will use it instead of argument")
/home/mwoo423/.local/lib/python3.12/site-packages/lightgbm/engine.py:172: UserWarning: Found `n_estimators` in params. Will use it instead of argument
  _log_warning(f"Found `{alias}` in params. Will use it instead of argument")
/home/mwoo423/.local/lib/python3.12/site-packages/lightgbm/engine.py:172: UserWarning: Found `n_estimators` in params. Will use it instead of argument
  _log_warning(f"Found `{alias}` in params. Will use it instead of argument")
/home/mwoo423/.local/lib/python3.12/site-packages/lightgbm/engine.py:172: UserWarning: Found `n_estimators` in params. Will use it instead of argument
  _log_warning(f"Found `{alias}` in params. Will use it instead of argument")
/home/mwoo423/.local/lib/python3.12/site-packages/lightgbm/engine.py:172: UserWarning: Found `n_estimators` in params. Will use it instead of argument
  _log_warning(f"Found `{alias}` in params. Will use it instead of argument")
/home/mwoo423/.local/lib/python3.12/site-packages/lightgbm/engine.py:172: UserWarning: Found `n_estimators` in params. Will use it instead of argument
  _log_warning(f"Found `{alias}` in params. Will use it instead of argument")
/home/mwoo423/.local/lib/python3.12/site-packages/lightgbm/engine.py:172: UserWarning: Found `n_estimators` in params. Will use it instead of argument
  _log_warning(f"Found `{alias}` in params. Will use it instead of argument")
/home/mwoo423/.local/lib/python3.12/site-packages/lightgbm/engine.py:172: UserWarning: Found `n_estimators` in params. Will use it instead of argument
  _log_warning(f"Found `{alias}` in params. Will use it instead of argument")
/home/mwoo423/.local/lib/python3.12/site-packages/lightgbm/engine.py:172: UserWarning: Found `n_estimators` in params. Will use it instead of argument
  _log_warning(f"Found `{alias}` in params. Will use it instead of argument")
/home/mwoo423/.local/lib/python3.12/site-packages/lightgbm/engine.py:172: UserWarning: Found `n_estimators` in params. Will use it instead of argument
  _log_warning(f"Found `{alias}` in params. Will use it instead of argument")
/home/mwoo423/.local/lib/python3.12/site-packages/lightgbm/engine.py:172: UserWarning: Found `n_estimators` in params. Will use it instead of argument
  _log_warning(f"Found `{alias}` in params. Will use it instead of argument")
/home/mwoo423/.local/lib/python3.12/site-packages/lightgbm/engine.py:172: UserWarning: Found `n_estimators` in params. Will use it instead of argument
  _log_warning(f"Found `{alias}` in params. Will use it instead of argument")
/home/mwoo423/.local/lib/python3.12/site-packages/lightgbm/engine.py:172: UserWarning: Found `n_estimators` in params. Will use it instead of argument
  _log_warning(f"Found `{alias}` in params. Will use it instead of argument")
/home/mwoo423/.local/lib/python3.12/site-packages/lightgbm/engine.py:172: UserWarning: Found `n_estimators` in params. Will use it instead of argument
  _log_warning(f"Found `{alias}` in params. Will use it instead of argument")
/home/mwoo423/.local/lib/python3.12/site-packages/lightgbm/engine.py:172: UserWarning: Found `n_estimators` in params. Will use it instead of argument
  _log_warning(f"Found `{alias}` in params. Will use it instead of argument")
2026-05-06 23:17:34,576 [INFO]     n_feat=19: CV logloss=0.6647 ±0.0014
/home/mwoo423/.local/lib/python3.12/site-packages/lightgbm/engine.py:172: UserWarning: Found `n_estimators` in params. Will use it instead of argument
  _log_warning(f"Found `{alias}` in params. Will use it instead of argument")
/home/mwoo423/.local/lib/python3.12/site-packages/lightgbm/engine.py:172: UserWarning: Found `n_estimators` in params. Will use it instead of argument
  _log_warning(f"Found `{alias}` in params. Will use it instead of argument")
/home/mwoo423/.local/lib/python3.12/site-packages/lightgbm/engine.py:172: UserWarning: Found `n_estimators` in params. Will use it instead of argument
  _log_warning(f"Found `{alias}` in params. Will use it instead of argument")
/home/mwoo423/.local/lib/python3.12/site-packages/lightgbm/engine.py:172: UserWarning: Found `n_estimators` in params. Will use it instead of argument
  _log_warning(f"Found `{alias}` in params. Will use it instead of argument")
/home/mwoo423/.local/lib/python3.12/site-packages/lightgbm/engine.py:172: UserWarning: Found `n_estimators` in params. Will use it instead of argument
  _log_warning(f"Found `{alias}` in params. Will use it instead of argument")
/home/mwoo423/.local/lib/python3.12/site-packages/lightgbm/engine.py:172: UserWarning: Found `n_estimators` in params. Will use it instead of argument
  _log_warning(f"Found `{alias}` in params. Will use it instead of argument")
/home/mwoo423/.local/lib/python3.12/site-packages/lightgbm/engine.py:172: UserWarning: Found `n_estimators` in params. Will use it instead of argument
  _log_warning(f"Found `{alias}` in params. Will use it instead of argument")
/home/mwoo423/.local/lib/python3.12/site-packages/lightgbm/engine.py:172: UserWarning: Found `n_estimators` in params. Will use it instead of argument
  _log_warning(f"Found `{alias}` in params. Will use it instead of argument")
/home/mwoo423/.local/lib/python3.12/site-packages/lightgbm/engine.py:172: UserWarning: Found `n_estimators` in params. Will use it instead of argument
  _log_warning(f"Found `{alias}` in params. Will use it instead of argument")
/home/mwoo423/.local/lib/python3.12/site-packages/lightgbm/engine.py:172: UserWarning: Found `n_estimators` in params. Will use it instead of argument
  _log_warning(f"Found `{alias}` in params. Will use it instead of argument")
/home/mwoo423/.local/lib/python3.12/site-packages/lightgbm/engine.py:172: UserWarning: Found `n_estimators` in params. Will use it instead of argument
  _log_warning(f"Found `{alias}` in params. Will use it instead of argument")
/home/mwoo423/.local/lib/python3.12/site-packages/lightgbm/engine.py:172: UserWarning: Found `n_estimators` in params. Will use it instead of argument
  _log_warning(f"Found `{alias}` in params. Will use it instead of argument")
/home/mwoo423/.local/lib/python3.12/site-packages/lightgbm/engine.py:172: UserWarning: Found `n_estimators` in params. Will use it instead of argument
  _log_warning(f"Found `{alias}` in params. Will use it instead of argument")
/home/mwoo423/.local/lib/python3.12/site-packages/lightgbm/engine.py:172: UserWarning: Found `n_estimators` in params. Will use it instead of argument
  _log_warning(f"Found `{alias}` in params. Will use it instead of argument")
/home/mwoo423/.local/lib/python3.12/site-packages/lightgbm/engine.py:172: UserWarning: Found `n_estimators` in params. Will use it instead of argument
  _log_warning(f"Found `{alias}` in params. Will use it instead of argument")
/home/mwoo423/.local/lib/python3.12/site-packages/lightgbm/engine.py:172: UserWarning: Found `n_estimators` in params. Will use it instead of argument
  _log_warning(f"Found `{alias}` in params. Will use it instead of argument")
/home/mwoo423/.local/lib/python3.12/site-packages/lightgbm/engine.py:172: UserWarning: Found `n_estimators` in params. Will use it instead of argument
  _log_warning(f"Found `{alias}` in params. Will use it instead of argument")
/home/mwoo423/.local/lib/python3.12/site-packages/lightgbm/engine.py:172: UserWarning: Found `n_estimators` in params. Will use it instead of argument
  _log_warning(f"Found `{alias}` in params. Will use it instead of argument")
/home/mwoo423/.local/lib/python3.12/site-packages/lightgbm/engine.py:172: UserWarning: Found `n_estimators` in params. Will use it instead of argument
  _log_warning(f"Found `{alias}` in params. Will use it instead of argument")
/home/mwoo423/.local/lib/python3.12/site-packages/lightgbm/engine.py:172: UserWarning: Found `n_estimators` in params. Will use it instead of argument
  _log_warning(f"Found `{alias}` in params. Will use it instead of argument")
/home/mwoo423/.local/lib/python3.12/site-packages/lightgbm/engine.py:172: UserWarning: Found `n_estimators` in params. Will use it instead of argument
  _log_warning(f"Found `{alias}` in params. Will use it instead of argument")
/home/mwoo423/.local/lib/python3.12/site-packages/lightgbm/engine.py:172: UserWarning: Found `n_estimators` in params. Will use it instead of argument
  _log_warning(f"Found `{alias}` in params. Will use it instead of argument")
/home/mwoo423/.local/lib/python3.12/site-packages/lightgbm/engine.py:172: UserWarning: Found `n_estimators` in params. Will use it instead of argument
  _log_warning(f"Found `{alias}` in params. Will use it instead of argument")
/home/mwoo423/.local/lib/python3.12/site-packages/lightgbm/engine.py:172: UserWarning: Found `n_estimators` in params. Will use it instead of argument
  _log_warning(f"Found `{alias}` in params. Will use it instead of argument")
/home/mwoo423/.local/lib/python3.12/site-packages/lightgbm/engine.py:172: UserWarning: Found `n_estimators` in params. Will use it instead of argument
  _log_warning(f"Found `{alias}` in params. Will use it instead of argument")
2026-05-06 23:17:36,366 [INFO]     n_feat=20: CV logloss=0.6684 ±0.0017
/home/mwoo423/.local/lib/python3.12/site-packages/lightgbm/engine.py:172: UserWarning: Found `n_estimators` in params. Will use it instead of argument
  _log_warning(f"Found `{alias}` in params. Will use it instead of argument")
/home/mwoo423/.local/lib/python3.12/site-packages/lightgbm/engine.py:172: UserWarning: Found `n_estimators` in params. Will use it instead of argument
  _log_warning(f"Found `{alias}` in params. Will use it instead of argument")
/home/mwoo423/.local/lib/python3.12/site-packages/lightgbm/engine.py:172: UserWarning: Found `n_estimators` in params. Will use it instead of argument
  _log_warning(f"Found `{alias}` in params. Will use it instead of argument")
/home/mwoo423/.local/lib/python3.12/site-packages/lightgbm/engine.py:172: UserWarning: Found `n_estimators` in params. Will use it instead of argument
  _log_warning(f"Found `{alias}` in params. Will use it instead of argument")
/home/mwoo423/.local/lib/python3.12/site-packages/lightgbm/engine.py:172: UserWarning: Found `n_estimators` in params. Will use it instead of argument
  _log_warning(f"Found `{alias}` in params. Will use it instead of argument")
/home/mwoo423/.local/lib/python3.12/site-packages/lightgbm/engine.py:172: UserWarning: Found `n_estimators` in params. Will use it instead of argument
  _log_warning(f"Found `{alias}` in params. Will use it instead of argument")
/home/mwoo423/.local/lib/python3.12/site-packages/lightgbm/engine.py:172: UserWarning: Found `n_estimators` in params. Will use it instead of argument
  _log_warning(f"Found `{alias}` in params. Will use it instead of argument")
/home/mwoo423/.local/lib/python3.12/site-packages/lightgbm/engine.py:172: UserWarning: Found `n_estimators` in params. Will use it instead of argument
  _log_warning(f"Found `{alias}` in params. Will use it instead of argument")
/home/mwoo423/.local/lib/python3.12/site-packages/lightgbm/engine.py:172: UserWarning: Found `n_estimators` in params. Will use it instead of argument
  _log_warning(f"Found `{alias}` in params. Will use it instead of argument")
/home/mwoo423/.local/lib/python3.12/site-packages/lightgbm/engine.py:172: UserWarning: Found `n_estimators` in params. Will use it instead of argument
  _log_warning(f"Found `{alias}` in params. Will use it instead of argument")
/home/mwoo423/.local/lib/python3.12/site-packages/lightgbm/engine.py:172: UserWarning: Found `n_estimators` in params. Will use it instead of argument
  _log_warning(f"Found `{alias}` in params. Will use it instead of argument")
/home/mwoo423/.local/lib/python3.12/site-packages/lightgbm/engine.py:172: UserWarning: Found `n_estimators` in params. Will use it instead of argument
  _log_warning(f"Found `{alias}` in params. Will use it instead of argument")
/home/mwoo423/.local/lib/python3.12/site-packages/lightgbm/engine.py:172: UserWarning: Found `n_estimators` in params. Will use it instead of argument
  _log_warning(f"Found `{alias}` in params. Will use it instead of argument")
/home/mwoo423/.local/lib/python3.12/site-packages/lightgbm/engine.py:172: UserWarning: Found `n_estimators` in params. Will use it instead of argument
  _log_warning(f"Found `{alias}` in params. Will use it instead of argument")
/home/mwoo423/.local/lib/python3.12/site-packages/lightgbm/engine.py:172: UserWarning: Found `n_estimators` in params. Will use it instead of argument
  _log_warning(f"Found `{alias}` in params. Will use it instead of argument")
/home/mwoo423/.local/lib/python3.12/site-packages/lightgbm/engine.py:172: UserWarning: Found `n_estimators` in params. Will use it instead of argument
  _log_warning(f"Found `{alias}` in params. Will use it instead of argument")
/home/mwoo423/.local/lib/python3.12/site-packages/lightgbm/engine.py:172: UserWarning: Found `n_estimators` in params. Will use it instead of argument
  _log_warning(f"Found `{alias}` in params. Will use it instead of argument")
/home/mwoo423/.local/lib/python3.12/site-packages/lightgbm/engine.py:172: UserWarning: Found `n_estimators` in params. Will use it instead of argument
  _log_warning(f"Found `{alias}` in params. Will use it instead of argument")
/home/mwoo423/.local/lib/python3.12/site-packages/lightgbm/engine.py:172: UserWarning: Found `n_estimators` in params. Will use it instead of argument
  _log_warning(f"Found `{alias}` in params. Will use it instead of argument")
/home/mwoo423/.local/lib/python3.12/site-packages/lightgbm/engine.py:172: UserWarning: Found `n_estimators` in params. Will use it instead of argument
  _log_warning(f"Found `{alias}` in params. Will use it instead of argument")
/home/mwoo423/.local/lib/python3.12/site-packages/lightgbm/engine.py:172: UserWarning: Found `n_estimators` in params. Will use it instead of argument
  _log_warning(f"Found `{alias}` in params. Will use it instead of argument")
/home/mwoo423/.local/lib/python3.12/site-packages/lightgbm/engine.py:172: UserWarning: Found `n_estimators` in params. Will use it instead of argument
  _log_warning(f"Found `{alias}` in params. Will use it instead of argument")
/home/mwoo423/.local/lib/python3.12/site-packages/lightgbm/engine.py:172: UserWarning: Found `n_estimators` in params. Will use it instead of argument
  _log_warning(f"Found `{alias}` in params. Will use it instead of argument")
/home/mwoo423/.local/lib/python3.12/site-packages/lightgbm/engine.py:172: UserWarning: Found `n_estimators` in params. Will use it instead of argument
  _log_warning(f"Found `{alias}` in params. Will use it instead of argument")
/home/mwoo423/.local/lib/python3.12/site-packages/lightgbm/engine.py:172: UserWarning: Found `n_estimators` in params. Will use it instead of argument
  _log_warning(f"Found `{alias}` in params. Will use it instead of argument")
2026-05-06 23:17:38,183 [INFO]     n_feat=21: CV logloss=0.6665 ±0.0021
/home/mwoo423/.local/lib/python3.12/site-packages/lightgbm/engine.py:172: UserWarning: Found `n_estimators` in params. Will use it instead of argument
  _log_warning(f"Found `{alias}` in params. Will use it instead of argument")
/home/mwoo423/.local/lib/python3.12/site-packages/lightgbm/engine.py:172: UserWarning: Found `n_estimators` in params. Will use it instead of argument
  _log_warning(f"Found `{alias}` in params. Will use it instead of argument")
/home/mwoo423/.local/lib/python3.12/site-packages/lightgbm/engine.py:172: UserWarning: Found `n_estimators` in params. Will use it instead of argument
  _log_warning(f"Found `{alias}` in params. Will use it instead of argument")
/home/mwoo423/.local/lib/python3.12/site-packages/lightgbm/engine.py:172: UserWarning: Found `n_estimators` in params. Will use it instead of argument
  _log_warning(f"Found `{alias}` in params. Will use it instead of argument")
/home/mwoo423/.local/lib/python3.12/site-packages/lightgbm/engine.py:172: UserWarning: Found `n_estimators` in params. Will use it instead of argument
  _log_warning(f"Found `{alias}` in params. Will use it instead of argument")
/home/mwoo423/.local/lib/python3.12/site-packages/lightgbm/engine.py:172: UserWarning: Found `n_estimators` in params. Will use it instead of argument
  _log_warning(f"Found `{alias}` in params. Will use it instead of argument")
/home/mwoo423/.local/lib/python3.12/site-packages/lightgbm/engine.py:172: UserWarning: Found `n_estimators` in params. Will use it instead of argument
  _log_warning(f"Found `{alias}` in params. Will use it instead of argument")
/home/mwoo423/.local/lib/python3.12/site-packages/lightgbm/engine.py:172: UserWarning: Found `n_estimators` in params. Will use it instead of argument
  _log_warning(f"Found `{alias}` in params. Will use it instead of argument")
/home/mwoo423/.local/lib/python3.12/site-packages/lightgbm/engine.py:172: UserWarning: Found `n_estimators` in params. Will use it instead of argument
  _log_warning(f"Found `{alias}` in params. Will use it instead of argument")
/home/mwoo423/.local/lib/python3.12/site-packages/lightgbm/engine.py:172: UserWarning: Found `n_estimators` in params. Will use it instead of argument
  _log_warning(f"Found `{alias}` in params. Will use it instead of argument")
/home/mwoo423/.local/lib/python3.12/site-packages/lightgbm/engine.py:172: UserWarning: Found `n_estimators` in params. Will use it instead of argument
  _log_warning(f"Found `{alias}` in params. Will use it instead of argument")
/home/mwoo423/.local/lib/python3.12/site-packages/lightgbm/engine.py:172: UserWarning: Found `n_estimators` in params. Will use it instead of argument
  _log_warning(f"Found `{alias}` in params. Will use it instead of argument")
/home/mwoo423/.local/lib/python3.12/site-packages/lightgbm/engine.py:172: UserWarning: Found `n_estimators` in params. Will use it instead of argument
  _log_warning(f"Found `{alias}` in params. Will use it instead of argument")
/home/mwoo423/.local/lib/python3.12/site-packages/lightgbm/engine.py:172: UserWarning: Found `n_estimators` in params. Will use it instead of argument
  _log_warning(f"Found `{alias}` in params. Will use it instead of argument")
/home/mwoo423/.local/lib/python3.12/site-packages/lightgbm/engine.py:172: UserWarning: Found `n_estimators` in params. Will use it instead of argument
  _log_warning(f"Found `{alias}` in params. Will use it instead of argument")
/home/mwoo423/.local/lib/python3.12/site-packages/lightgbm/engine.py:172: UserWarning: Found `n_estimators` in params. Will use it instead of argument
  _log_warning(f"Found `{alias}` in params. Will use it instead of argument")
/home/mwoo423/.local/lib/python3.12/site-packages/lightgbm/engine.py:172: UserWarning: Found `n_estimators` in params. Will use it instead of argument
  _log_warning(f"Found `{alias}` in params. Will use it instead of argument")
/home/mwoo423/.local/lib/python3.12/site-packages/lightgbm/engine.py:172: UserWarning: Found `n_estimators` in params. Will use it instead of argument
  _log_warning(f"Found `{alias}` in params. Will use it instead of argument")
/home/mwoo423/.local/lib/python3.12/site-packages/lightgbm/engine.py:172: UserWarning: Found `n_estimators` in params. Will use it instead of argument
  _log_warning(f"Found `{alias}` in params. Will use it instead of argument")
/home/mwoo423/.local/lib/python3.12/site-packages/lightgbm/engine.py:172: UserWarning: Found `n_estimators` in params. Will use it instead of argument
  _log_warning(f"Found `{alias}` in params. Will use it instead of argument")
/home/mwoo423/.local/lib/python3.12/site-packages/lightgbm/engine.py:172: UserWarning: Found `n_estimators` in params. Will use it instead of argument
  _log_warning(f"Found `{alias}` in params. Will use it instead of argument")
/home/mwoo423/.local/lib/python3.12/site-packages/lightgbm/engine.py:172: UserWarning: Found `n_estimators` in params. Will use it instead of argument
  _log_warning(f"Found `{alias}` in params. Will use it instead of argument")
/home/mwoo423/.local/lib/python3.12/site-packages/lightgbm/engine.py:172: UserWarning: Found `n_estimators` in params. Will use it instead of argument
  _log_warning(f"Found `{alias}` in params. Will use it instead of argument")
/home/mwoo423/.local/lib/python3.12/site-packages/lightgbm/engine.py:172: UserWarning: Found `n_estimators` in params. Will use it instead of argument
  _log_warning(f"Found `{alias}` in params. Will use it instead of argument")
/home/mwoo423/.local/lib/python3.12/site-packages/lightgbm/engine.py:172: UserWarning: Found `n_estimators` in params. Will use it instead of argument
  _log_warning(f"Found `{alias}` in params. Will use it instead of argument")
2026-05-06 23:17:40,187 [INFO]     n_feat=22: CV logloss=0.6579 ±0.0018 ← BEST
/home/mwoo423/.local/lib/python3.12/site-packages/lightgbm/engine.py:172: UserWarning: Found `n_estimators` in params. Will use it instead of argument
  _log_warning(f"Found `{alias}` in params. Will use it instead of argument")
/home/mwoo423/.local/lib/python3.12/site-packages/lightgbm/engine.py:172: UserWarning: Found `n_estimators` in params. Will use it instead of argument
  _log_warning(f"Found `{alias}` in params. Will use it instead of argument")
/home/mwoo423/.local/lib/python3.12/site-packages/lightgbm/engine.py:172: UserWarning: Found `n_estimators` in params. Will use it instead of argument
  _log_warning(f"Found `{alias}` in params. Will use it instead of argument")
/home/mwoo423/.local/lib/python3.12/site-packages/lightgbm/engine.py:172: UserWarning: Found `n_estimators` in params. Will use it instead of argument
  _log_warning(f"Found `{alias}` in params. Will use it instead of argument")
/home/mwoo423/.local/lib/python3.12/site-packages/lightgbm/engine.py:172: UserWarning: Found `n_estimators` in params. Will use it instead of argument
  _log_warning(f"Found `{alias}` in params. Will use it instead of argument")
/home/mwoo423/.local/lib/python3.12/site-packages/lightgbm/engine.py:172: UserWarning: Found `n_estimators` in params. Will use it instead of argument
  _log_warning(f"Found `{alias}` in params. Will use it instead of argument")
/home/mwoo423/.local/lib/python3.12/site-packages/lightgbm/engine.py:172: UserWarning: Found `n_estimators` in params. Will use it instead of argument
  _log_warning(f"Found `{alias}` in params. Will use it instead of argument")
/home/mwoo423/.local/lib/python3.12/site-packages/lightgbm/engine.py:172: UserWarning: Found `n_estimators` in params. Will use it instead of argument
  _log_warning(f"Found `{alias}` in params. Will use it instead of argument")
/home/mwoo423/.local/lib/python3.12/site-packages/lightgbm/engine.py:172: UserWarning: Found `n_estimators` in params. Will use it instead of argument
  _log_warning(f"Found `{alias}` in params. Will use it instead of argument")
/home/mwoo423/.local/lib/python3.12/site-packages/lightgbm/engine.py:172: UserWarning: Found `n_estimators` in params. Will use it instead of argument
  _log_warning(f"Found `{alias}` in params. Will use it instead of argument")
/home/mwoo423/.local/lib/python3.12/site-packages/lightgbm/engine.py:172: UserWarning: Found `n_estimators` in params. Will use it instead of argument
  _log_warning(f"Found `{alias}` in params. Will use it instead of argument")
/home/mwoo423/.local/lib/python3.12/site-packages/lightgbm/engine.py:172: UserWarning: Found `n_estimators` in params. Will use it instead of argument
  _log_warning(f"Found `{alias}` in params. Will use it instead of argument")
/home/mwoo423/.local/lib/python3.12/site-packages/lightgbm/engine.py:172: UserWarning: Found `n_estimators` in params. Will use it instead of argument
  _log_warning(f"Found `{alias}` in params. Will use it instead of argument")
/home/mwoo423/.local/lib/python3.12/site-packages/lightgbm/engine.py:172: UserWarning: Found `n_estimators` in params. Will use it instead of argument
  _log_warning(f"Found `{alias}` in params. Will use it instead of argument")
/home/mwoo423/.local/lib/python3.12/site-packages/lightgbm/engine.py:172: UserWarning: Found `n_estimators` in params. Will use it instead of argument
  _log_warning(f"Found `{alias}` in params. Will use it instead of argument")
/home/mwoo423/.local/lib/python3.12/site-packages/lightgbm/engine.py:172: UserWarning: Found `n_estimators` in params. Will use it instead of argument
  _log_warning(f"Found `{alias}` in params. Will use it instead of argument")
/home/mwoo423/.local/lib/python3.12/site-packages/lightgbm/engine.py:172: UserWarning: Found `n_estimators` in params. Will use it instead of argument
  _log_warning(f"Found `{alias}` in params. Will use it instead of argument")
/home/mwoo423/.local/lib/python3.12/site-packages/lightgbm/engine.py:172: UserWarning: Found `n_estimators` in params. Will use it instead of argument
  _log_warning(f"Found `{alias}` in params. Will use it instead of argument")
/home/mwoo423/.local/lib/python3.12/site-packages/lightgbm/engine.py:172: UserWarning: Found `n_estimators` in params. Will use it instead of argument
  _log_warning(f"Found `{alias}` in params. Will use it instead of argument")
/home/mwoo423/.local/lib/python3.12/site-packages/lightgbm/engine.py:172: UserWarning: Found `n_estimators` in params. Will use it instead of argument
  _log_warning(f"Found `{alias}` in params. Will use it instead of argument")
/home/mwoo423/.local/lib/python3.12/site-packages/lightgbm/engine.py:172: UserWarning: Found `n_estimators` in params. Will use it instead of argument
  _log_warning(f"Found `{alias}` in params. Will use it instead of argument")
/home/mwoo423/.local/lib/python3.12/site-packages/lightgbm/engine.py:172: UserWarning: Found `n_estimators` in params. Will use it instead of argument
  _log_warning(f"Found `{alias}` in params. Will use it instead of argument")
/home/mwoo423/.local/lib/python3.12/site-packages/lightgbm/engine.py:172: UserWarning: Found `n_estimators` in params. Will use it instead of argument
  _log_warning(f"Found `{alias}` in params. Will use it instead of argument")
/home/mwoo423/.local/lib/python3.12/site-packages/lightgbm/engine.py:172: UserWarning: Found `n_estimators` in params. Will use it instead of argument
  _log_warning(f"Found `{alias}` in params. Will use it instead of argument")
/home/mwoo423/.local/lib/python3.12/site-packages/lightgbm/engine.py:172: UserWarning: Found `n_estimators` in params. Will use it instead of argument
  _log_warning(f"Found `{alias}` in params. Will use it instead of argument")
2026-05-06 23:17:42,132 [INFO]     n_feat=23: CV logloss=0.6488 ±0.0018 ← BEST
2026-05-06 23:17:42,132 [INFO]   ✅ S4: best n_feat=23, CV=0.6488
2026-05-06 23:17:42,132 [INFO] 
============================================================
2026-05-06 23:17:42,132 [INFO] FEATURE SWEEP SUMMARY
2026-05-06 23:17:42,132 [INFO] ============================================================
2026-05-06 23:17:42,132 [INFO]   Q1: base_n=20 -> best_n=17, CV=0.6963, cfg=deep
2026-05-06 23:17:42,132 [INFO]       top features: ['mUsageStats_usage_major_ratio_mean', 'wHr_hr_std_zscore', 'mBle_ble_count_mean_zscore', 'mScreenStatus_hour_morning', 'mWifi_wifi_max_rssi_min']
2026-05-06 23:17:42,132 [INFO]   Q2: base_n=15 -> best_n=17, CV=0.6350, cfg=deep
2026-05-06 23:17:42,132 [INFO]       top features: ['mUsageStats_usage_app_count_std', 'mACStatus_m_charging_mean', 'mBle_ble_rssi_std_max_zscore', 'mACStatus_m_charging_std', 'mUsageStats_usage_major_ratio_std']
2026-05-06 23:17:42,132 [INFO]   Q3: base_n= 8 -> best_n=11, CV=0.6575, cfg=v48
2026-05-06 23:17:42,133 [INFO]       top features: ['mLight_m_light_mean', 'mUsageStats_usage_total_time_std_zscore', 'mWifi_wifi_max_rssi_std', 'mBle_ble_count_max', 'mUsageStats_usage_major_ratio_mean_zscore']
2026-05-06 23:17:42,133 [INFO]   S1: base_n=20 -> best_n=17, CV=0.5886, cfg=wide
2026-05-06 23:17:42,133 [INFO]       top features: ['mScreenStatus_m_screen_use_std', 'mBle_ble_rssi_std_mean_zscore', 'wHr_hr_std_zscore', 'mUsageStats_usage_total_time_mean', 'mUsageStats_usage_app_count_max_zscore']
2026-05-06 23:17:42,133 [INFO]   S2: base_n=20 -> best_n=20, CV=0.6533, cfg=deep
2026-05-06 23:17:42,133 [INFO]       top features: ['mWifi_wifi_max_rssi_max', 'mActivity_m_activity_count_zscore', 'mAmbience_ambience_outside,_rural_or_natural_sum_zscore', 'mUsageStats_usage_total_time_std_zscore', 'mScreenStatus_m_screen_use_mean']
2026-05-06 23:17:42,133 [INFO]   S3: base_n=20 -> best_n=23, CV=0.6702, cfg=safety
2026-05-06 23:17:42,133 [INFO]       top features: ['mBle_ble_max_rssi_max', 'mWifi_wifi_max_rssi_max', 'mGps_gps_count_mean', 'mWifi_wifi_strong_ratio_min_zscore', 'mUsageStats_usage_total_time_mean']
2026-05-06 23:17:42,133 [INFO]   S4: base_n=20 -> best_n=23, CV=0.6488, cfg=wide
2026-05-06 23:17:42,133 [INFO]       top features: ['mGps_gps_avg_speed_max', 'mAmbience_ambience_top5_sum_zscore', 'mUsageStats_usage_major_ratio_mean', 'mBle_ble_max_rssi_max_zscore', 'mBle_ble_count_std_zscore']
2026-05-06 23:17:42,133 [INFO] 
  Baseline n_feat: Q1=20, Q2=15, Q3=8, S1=20, S2=20, S3=20, S4=20
2026-05-06 23:17:42,133 [INFO]   Best n_feat:       [17, 17, 11, 17, 20, 23, 23]
2026-05-06 23:17:42,133 [INFO]   Saved: /home/mwoo423/projects/dacon2/experiments/v53_feat_sweep.json
2026-05-06 23:17:42,133 [INFO]   Time: 185s
